,0,1,2,3,4,5,6,7,8,9,10,11
sigma,0.05807442,0.10360797,0.10496207,0.09760541,0.10225456,0.10322747,0.11846983,0.119381875,0.12620932,0.13602687,0.14449264,0.16214684
0,7.9872065,8.604224,8.34617,8.231178,8.180494,9.46875,10.266244,9.13447,8.138468,8.341926,9.820899,10.893781
1,6.1365786,8.180827,7.6708665,8.050755,8.140178,8.959945,10.028095,8.970901,8.07004,8.265268,9.675824,10.811312
2,6.0731754,8.103939,7.625771,7.735796,7.8601303,8.8100395,10.017606,8.679889,7.9905877,8.188746,9.6307535,10.732082
3,5.7488794,8.001237,7.470305,7.648314,7.6695457,8.537062,9.689369,8.555272,7.905437,8.107478,9.55139,10.70764
4,5.454541,7.915953,7.3972983,7.434187,7.510897,8.513413,9.520051,8.476786,7.8668027,8.065563,9.512822,10.570775
5,5.295611,7.721084,7.2790833,7.3985796,7.4380484,8.322443,9.296909,8.35956,7.806213,8.015203,9.470729,10.496073
6,5.1228104,7.492186,7.231377,7.3341594,7.3428793,7.91394,9.090933,8.278503,7.744607,7.978135,9.425146,10.476639
7,4.75807,7.458261,7.1551914,7.2074943,7.2138553,7.8659782,9.066476,8.265134,7.6561584,7.9240823,9.386687,10.361658
8,4.5840745,7.3569126,7.0895343,7.096447,7.0844502,7.677555,8.791266,8.143021,7.59701,7.9045153,9.251362,10.347627
9,4.345484,7.279216,7.0478296,7.0029826,7.0300727,7.595289,8.715381,7.9254313,7.568491,7.816552,9.204405,10.262649
10,4.2150803,7.1282115,6.988215,6.907809,7.0038414,7.582352,8.477041,7.8326015,7.521017,7.811136,9.166746,10.197861
11,4.0942087,6.9839296,6.906604,6.8746276,6.9841337,7.4590187,8.374054,7.792012,7.4959006,7.803616,9.087789,10.161694
12,4.013636,6.8680243,6.742044,6.7285266,6.8570056,7.4195304,8.3634405,7.74229,7.4689207,7.783208,9.026873,10.108364
13,3.9573236,6.852035,6.6953554,6.641761,6.786505,7.246659,8.288998,7.642665,7.4451413,7.7551637,8.985539,10.074011
14,3.8774905,6.7757163,6.6750145,6.6355734,6.7430124,7.1249285,8.250381,7.4936023,7.3869324,7.710029,8.940896,10.025663
15,3.7643623,6.677242,6.604981,6.5539236,6.6611404,7.080377,8.176419,7.464977,7.370409,7.6517334,8.896832,9.996635
16,3.6988716,6.624765,6.5119066,6.5221786,6.6263947,7.0550194,8.10975,7.3781576,7.327276,7.612559,8.873753,9.9658375
17,3.6253302,6.5901966,6.4758143,6.473181,6.552324,6.9681067,8.082641,7.317072,7.304179,7.5514402,8.853649,9.900271
18,3.6067178,6.5101857,6.443995,6.409491,6.5401134,6.9323688,8.0131645,7.266586,7.249219,7.539702,8.828196,9.851423
19,3.5928159,6.4631863,6.389688,6.383764,6.4375234,6.8565187,7.9626,7.2279534,7.216089,7.5340743,8.766228,9.823194
20,3.4914098,6.4318447,6.3679643,6.3061013,6.381406,6.80959,7.912913,7.191456,7.1642833,7.519798,8.724611,9.807194
21,3.455864,6.370778,6.351207,6.2653966,6.3431125,6.7123036,7.8474402,7.1485662,7.121168,7.454166,8.678417,9.7716875
22,3.3950248,6.358796,6.324631,6.1943502,6.305522,6.5977025,7.803279,7.1409717,7.082664,7.4489074,8.635074,9.6769705
23,3.3652918,6.316582,6.26049,6.1325502,6.26918,6.545762,7.7107916,7.057265,7.0782986,7.4295692,8.598599,9.646166
24,3.3253632,6.3071737,6.236686,6.0971627,6.2209125,6.503445,7.6331477,7.008827,7.0623655,7.418201,8.585689,9.608424
25,3.2713823,6.231337,6.1780214,6.060081,6.1930685,6.408264,7.550931,6.953646,7.0502067,7.3746705,8.534431,9.50237
26,3.231929,6.1629486,6.156244,6.0434685,6.1681504,6.36113,7.50793,6.906434,7.008687,7.3584304,8.515067,9.476989
27,3.2111712,6.1332564,6.102719,6.019195,6.0957327,6.2876835,7.485546,6.874945,6.983401,7.3343334,8.475556,9.455997
28,3.1854362,6.0615253,6.090722,5.941533,6.0567946,6.24427,7.3398514,6.823831,6.9445395,7.282822,8.428639,9.449079
29,3.171467,6.047513,6.035001,5.930903,5.973178,6.1590657,7.2811995,6.7820244,6.9328637,7.273212,8.388663,9.402612
30,3.1355548,5.974862,6.0189047,5.9118814,5.9500985,6.1454906,7.216617,6.763991,6.898347,7.2251906,8.372653,9.349705
31,3.1288018,5.9510474,5.971787,5.785562,5.905647,6.132693,7.161989,6.670121,6.8611183,7.2173843,8.337415,9.2876625
32,3.1036427,5.9269986,5.9491878,5.777861,5.8741655,6.066122,7.117666,6.6326733,6.835842,7.1948752,8.311556,9.248518
33,3.091325,5.8921747,5.9194245,5.71377,5.8375373,6.0479255,7.0756507,6.5812883,6.7706656,7.1793756,8.2267,9.200639
34,3.0755785,5.8524175,5.882826,5.701719,5.7876663,5.936617,7.0244374,6.545317,6.7545977,7.153623,8.215392,9.182548
35,3.070187,5.805088,5.79926,5.689906,5.7710395,5.8757815,6.966824,6.533422,6.7334857,7.15107,8.188085,9.169764
36,3.0215163,5.7860703,5.769664,5.6505594,5.726995,5.84547,6.9154415,6.51372,6.6948056,7.1399217,8.137547,9.067071
37,3.0069475,5.745491,5.7450504,5.6311126,5.704192,5.808056,6.891544,6.4601145,6.683749,7.1124644,8.106559,9.022573
38,2.9887671,5.701556,5.727359,5.5961366,5.665165,5.7963557,6.829994,6.457115,6.657299,7.088263,8.051683,9.011264
39,2.9617076,5.6901913,5.7098503,5.505717,5.65279,5.762268,6.7717705,6.4144254,6.646252,7.0646896,8.038385,8.921266
40,2.9510357,5.6607985,5.6691732,5.472365,5.623411,5.7299495,6.7481327,6.3882294,6.632146,7.054413,7.9844136,8.884931
41,2.9257977,5.6343055,5.6519027,5.438711,5.608404,5.6970086,6.725144,6.360749,6.616869,7.0100913,7.9371276,8.856533
42,2.9233785,5.6069274,5.615399,5.4312124,5.5877194,5.6775618,6.6404333,6.281889,6.584742,7.0007143,7.911379,8.839866
43,2.9130895,5.556691,5.6084037,5.389742,5.575884,5.625259,6.5735564,6.2642627,6.541744,6.985916,7.891916,8.823422
44,2.8950582,5.5458307,5.567824,5.343281,5.5240145,5.611041,6.5486574,6.240435,6.535788,6.969305,7.8557935,8.778704
45,2.8823545,5.5184216,5.5543485,5.337713,5.498061,5.570956,6.494455,6.212171,6.5075836,6.9646473,7.8274083,8.743129
46,2.8680136,5.474523,5.540125,5.279899,5.439644,5.5110545,6.47453,6.1902537,6.4670596,6.9446926,7.775603,8.70154
47,2.8387787,5.448858,5.4889817,5.2645,5.426705,5.486581,6.425125,6.168148,6.4543166,6.904745,7.7622867,8.66652
48,2.8290527,5.439083,5.465413,5.2085233,5.4175863,5.427255,6.385884,6.1565237,6.435006,6.8956213,7.725668,8.655412
49,2.7971718,5.4024725,5.4017696,5.197781,5.3898926,5.4188743,6.3771143,6.081005,6.43318,6.8861837,7.716183,8.578043
50,2.7904894,5.3695793,5.3871756,5.169389,5.3889465,5.409502,6.3573446,6.038766,6.4018183,6.8372974,7.6580153,8.565681
51,2.7732038,5.328452,5.3544145,5.1384687,5.33474,5.3439255,6.3433075,6.0199947,6.3741474,6.8235736,7.6525793,8.507708
52,2.7544386,5.3037486,5.3338685,5.1059237,5.275866,5.335511,6.28921,6.010745,6.346536,6.8205132,7.608505,8.499688
53,2.7440214,5.283269,5.3046227,5.081512,5.2408805,5.2869143,6.251427,5.9784207,6.333526,6.799694,7.579626,8.453671
54,2.7340553,5.266912,5.2958694,5.0775275,5.2298503,5.2747407,6.184403,5.9634337,6.316022,6.7729034,7.564569,8.434498
55,2.7293072,5.251396,5.2829413,5.0032134,5.217108,5.2454786,6.1353745,5.9395814,6.2857494,6.7620625,7.5431795,8.429245
56,2.7058194,5.1929646,5.2656574,4.9897428,5.1801434,5.2175856,6.1232114,5.921213,6.2789736,6.7460656,7.4788675,8.372082
57,2.6888304,5.1845727,5.224746,4.959416,5.172705,5.170716,6.0724087,5.9018006,6.2446766,6.709853,7.4653025,8.351501
58,2.6678205,5.1739526,5.20895,4.926588,5.153514,5.149709,6.0517163,5.8936796,6.222529,6.700013,7.4094963,8.316308
59,2.6633646,5.14613,5.179221,4.9166327,5.108706,5.1258383,6.0410185,5.8495064,6.1855235,6.691631,7.3953094,8.295144
60,2.6537209,5.114133,5.1631575,4.8992968,5.073713,5.1053705,6.012356,5.822865,6.1545258,6.635926,7.351311,8.234834
61,2.6427522,5.1080837,5.154435,4.8756886,5.0434637,5.092004,5.9720902,5.7916293,6.152461,6.63051,7.343202,8.208657
62,2.6340423,5.0680194,5.1421313,4.8488197,5.020437,5.065889,5.9361296,5.7601366,6.1327405,6.6157017,7.3172174,8.186701
63,2.6280203,5.053003,5.1288543,4.8230987,5.0150785,5.0437083,5.9181743,5.758452,6.110013,6.5897055,7.2652783,8.171713
64,2.619549,5.0198464,5.121113,4.787137,4.999,5.042628,5.888999,5.7414823,6.087585,6.5731153,7.222117,8.140251
65,2.612789,4.996402,5.08227,4.7705183,4.9801626,5.010127,5.844614,5.7041936,6.0710444,6.560365,7.1799555,8.114798
66,2.5997531,4.9760933,5.0572424,4.745431,4.968617,4.9962964,5.8242283,5.693677,6.038887,6.540697,7.162308,8.093404
67,2.5950506,4.9516816,5.045583,4.7423515,4.9536967,4.9682603,5.7917385,5.668917,6.029156,6.511,7.130656,8.064438
68,2.5726988,4.942118,5.022986,4.713642,4.9329557,4.953754,5.781951,5.656986,6.004003,6.500542,7.1073074,8.002771
69,2.564396,4.917571,5.007312,4.677544,4.9269137,4.9262786,5.736255,5.627002,5.9901276,6.4791665,7.073422,7.9701147
70,2.5506322,4.8891835,4.9778843,4.6559796,4.886448,4.9070473,5.7069736,5.6186,5.980926,6.464422,7.0565257,7.9488335
71,2.5420501,4.8745937,4.9624667,4.629145,4.878762,4.889473,5.677554,5.591287,5.9577384,6.449421,7.0203786,7.920774
72,2.537515,4.864497,4.942307,4.6196256,4.857383,4.868258,5.666213,5.5796323,5.938202,6.4255705,7.0022783,7.8875813
73,2.5317457,4.8475313,4.9264603,4.599409,4.843969,4.8541193,5.631961,5.5431404,5.93085,6.418594,6.966843,7.8614163
74,2.5217187,4.841635,4.9150777,4.5956993,4.821447,4.816521,5.59657,5.5058002,5.878043,6.3929257,6.9595,7.8093815
75,2.5186121,4.8300133,4.8855314,4.5714574,4.7931733,4.794342,5.57733,5.4905195,5.8581276,6.3745103,6.9383636,7.7660394
76,2.509474,4.796718,4.8672376,4.5615945,4.772286,4.780233,5.550602,5.4727716,5.8495164,6.370948,6.887994,7.7362137
77,2.502731,4.787545,4.8629065,4.52824,4.7517133,4.774766,5.534432,5.455159,5.8302245,6.352021,6.860047,7.6873293
78,2.493408,4.756899,4.8002305,4.501634,4.7435517,4.746065,5.5045295,5.4441075,5.8153024,6.330921,6.8368793,7.6552687
79,2.4836974,4.747018,4.799286,4.4781814,4.7258406,4.7245893,5.4808044,5.402012,5.788839,6.315101,6.8005257,7.6217837
80,2.4758518,4.7312784,4.7854795,4.4540915,4.7026114,4.7217855,5.454815,5.3851595,5.7837243,6.2862024,6.788304,7.6007056
81,2.4739542,4.7033014,4.7619834,4.420989,4.6929526,4.6925464,5.4409795,5.381742,5.769108,6.2799225,6.7689567,7.5932255
82,2.457126,4.6822624,4.7552934,4.415985,4.681993,4.6550026,5.4163566,5.3543983,5.760584,6.2637444,6.731561,7.5586014
83,2.4444861,4.668638,4.7422385,4.408764,4.6552634,4.632353,5.398695,5.3455563,5.7340918,6.2601204,6.7150383,7.522932
84,2.435887,4.660882,4.735352,4.387983,4.6390395,4.6196074,5.374438,5.322626,5.7305083,6.2301445,6.6885448,7.5034094
85,2.4313219,4.6491275,4.7101755,4.3758297,4.610908,4.591081,5.347629,5.29955,5.7109914,6.2277236,6.6593595,7.4912133
86,2.425401,4.6296573,4.703186,4.3415895,4.601067,4.5764585,5.323119,5.285769,5.6776896,6.214396,6.645349,7.45211
87,2.4098284,4.596786,4.676153,4.32952,4.5933127,4.5724163,5.3067317,5.2647614,5.671491,6.1919665,6.614337,7.4210477
88,2.4086661,4.5907493,4.6614056,4.3157263,4.577771,4.5681777,5.2929387,5.2329855,5.644097,6.1834874,6.5891647,7.3666086
89,2.3988047,4.5717797,4.6410766,4.3052006,4.551947,4.5372186,5.263065,5.2171497,5.6233974,6.146326,6.5648136,7.349428
90,2.3939064,4.5611377,4.636475,4.279761,4.519972,4.5265956,5.2381186,5.2052846,5.605507,6.1227117,6.543115,7.3374114
91,2.387491,4.545481,4.6076646,4.2676873,4.5144916,4.506752,5.2128215,5.1759505,5.5856767,6.0954223,6.5292764,7.309653
92,2.3794656,4.521998,4.605035,4.246449,4.5021315,4.504742,5.190023,5.1717362,5.5803056,6.088138,6.522527,7.277206
93,2.3692498,4.507923,4.5896826,4.224566,4.479008,4.4756885,5.16915,5.161435,5.561169,6.083417,6.5051684,7.246848
94,2.3555517,4.4919724,4.5734396,4.2147913,4.458857,4.4685545,5.1385627,5.1421275,5.528874,6.0638285,6.487801,7.228242
95,2.349579,4.471713,4.557504,4.1959867,4.4378357,4.4355373,5.125787,5.1310563,5.5260434,6.0574484,6.475194,7.1927266
96,2.34216,4.4687853,4.5532603,4.190352,4.423672,4.416989,5.112207,5.1255426,5.500131,6.041024,6.4480186,7.158558
97,2.3377616,4.4547806,4.537667,4.173539,4.4189205,4.406175,5.084165,5.0884433,5.495866,6.0150175,6.4474807,7.13834
98,2.3325222,4.412923,4.5335746,4.1683044,4.4094577,4.3878884,5.0745707,5.0746126,5.4698515,6.002458,6.427313,7.110766
99,2.3248444,4.4105935,4.4989333,4.139736,4.389801,4.3607893,5.053507,5.0612144,5.464674,5.9977436,6.4032135,7.081161
100,2.315815,4.396049,4.486328,4.136095,4.368209,4.352024,5.039149,5.0316954,5.4389997,5.9709635,6.384045,7.047509
101,2.3121257,4.3715243,4.4803205,4.1301494,4.349611,4.3502145,5.0227575,5.0186925,5.4346833,5.9686794,6.3455915,7.0328703
102,2.3097167,4.3644505,4.455817,4.1120524,4.335688,4.3345203,5.0075626,4.998045,5.4217987,5.936958,6.339921,6.9930086
103,2.3006918,4.3522425,4.4376864,4.0993996,4.3259606,4.310616,4.9810658,4.985447,5.4069247,5.926567,6.2942934,6.9804044
104,2.2999747,4.337111,4.414858,4.075765,4.302066,4.3032074,4.945193,4.972732,5.3920317,5.9023376,6.264002,6.9620013
105,2.2926176,4.3298616,4.4096885,4.0575986,4.293579,4.288649,4.9335537,4.9591894,5.3771396,5.894232,6.251757,6.9394274
106,2.2822394,4.317193,4.3999076,4.0394306,4.2827067,4.2680078,4.919603,4.9502044,5.366768,5.890112,6.236568,6.9258304
107,2.2677102,4.3043084,4.387721,4.032551,4.2740464,4.243411,4.904004,4.921238,5.3470626,5.8622074,6.217287,6.910336
108,2.2652984,4.2943206,4.368294,4.023907,4.2523613,4.237603,4.8804317,4.9051647,5.328826,5.834819,6.2125535,6.8875895
109,2.2582767,4.281321,4.3498025,3.9945862,4.2325416,4.229173,4.8501167,4.8924093,5.306916,5.828002,6.175761,6.821489
110,2.255906,4.267205,4.348971,3.9828248,4.227057,4.199093,4.835919,4.878692,5.300311,5.8158846,6.1518445,6.8019805
111,2.2455773,4.2509313,4.333285,3.9615858,4.2162137,4.195653,4.8237414,4.870418,5.293798,5.7946925,6.145231,6.783386
112,2.2418652,4.237782,4.3229136,3.9489985,4.1819963,4.1860433,4.801103,4.852224,5.2688713,5.768639,6.141442,6.7530804
113,2.2335188,4.234608,4.2966847,3.942815,4.173027,4.174523,4.781145,4.8423166,5.265868,5.7610655,6.094938,6.7284155
114,2.2314534,4.226544,4.2936773,3.9268723,4.1605268,4.144852,4.771627,4.818337,5.229245,5.756047,6.0553637,6.7132792
115,2.228291,4.206945,4.2847385,3.9208531,4.150384,4.1389093,4.7546844,4.8147864,5.2244763,5.7366123,6.0371885,6.639362
116,2.2206073,4.1824036,4.2735577,3.903997,4.1395407,4.11311,4.716046,4.7881308,5.2144737,5.7243533,6.025568,6.6183033
117,2.2165458,4.1704907,4.245083,3.884893,4.1207633,4.1066165,4.7094126,4.782332,5.207675,5.6998115,6.0030417,6.613317
118,2.2087567,4.158855,4.2321963,3.8687463,4.1103954,4.0948415,4.685972,4.7664695,5.1938376,5.6902947,5.985481,6.59746
119,2.2012293,4.1498384,4.2248397,3.864202,4.0869536,4.065772,4.657011,4.738564,5.176259,5.6633706,5.96693,6.5799584
120,2.1993415,4.1395063,4.200961,3.8525805,4.074909,4.0628443,4.651977,4.733401,5.169642,5.658872,5.93448,6.5672545
121,2.1846116,4.1328316,4.1911144,3.842665,4.059785,4.0402093,4.641702,4.722327,5.1409087,5.644521,5.917931,6.5426555
122,2.1791158,4.1250596,4.175024,3.8401806,4.0566926,4.0205765,4.6254263,4.7092466,5.117054,5.6222954,5.9060726,6.487036
123,2.1752832,4.111176,4.1714644,3.8142254,4.0433936,4.018547,4.597817,4.694248,5.114879,5.6132455,5.8883963,6.4809566
124,2.1746533,4.0983315,4.1649647,3.801163,4.031439,4.001529,4.594074,4.68768,5.1011705,5.597228,5.8718667,6.47181
125,2.1594892,4.0929723,4.1581626,3.796226,4.0137315,3.9952962,4.5873675,4.6775174,5.092342,5.593569,5.8635287,6.45554
126,2.1566978,4.0782766,4.143178,3.7837732,4.0104256,3.9776683,4.575945,4.66427,5.087022,5.5800414,5.8399677,6.397142
127,2.1523907,4.0730224,4.124773,3.7617733,3.9879954,3.9704638,4.563591,4.6357584,5.0618014,5.5642743,5.830779,6.3812723
128,2.147624,4.0552,4.1210227,3.7309914,3.9839966,3.9653318,4.535288,4.6347327,5.048724,5.5609775,5.7904716,6.3710637
129,2.1422472,4.045316,4.105696,3.7176557,3.9673665,3.9466934,4.5329595,4.6270523,5.036375,5.535536,5.7795725,6.3443875
130,2.1311958,4.0220046,4.1007133,3.7111096,3.9511817,3.9355023,4.496838,4.616381,5.0251718,5.52429,5.7625146,6.3282347
131,2.130257,4.0132804,4.087015,3.6923897,3.9334295,3.9303586,4.4904594,4.6134458,5.0040183,5.509956,5.75246,6.307617
132,2.1247115,4.008836,4.075455,3.6887398,3.9099522,3.9125805,4.471637,4.5982184,4.9886794,5.4948907,5.7249455,6.270121
133,2.1180136,3.9880981,4.0621986,3.6805768,3.9030883,3.9077294,4.4458365,4.5692463,4.9730062,5.4820766,5.7042003,6.2340436
134,2.108393,3.979467,4.0497603,3.6781547,3.894628,3.895784,4.425832,4.548629,4.9596996,5.4547386,5.700931,6.2233357
135,2.1038828,3.9758167,4.027371,3.6445763,3.8784223,3.879996,4.419437,4.534159,4.9430723,5.4414067,5.6562295,6.2145147
136,2.1008606,3.971435,4.0212226,3.633266,3.86964,3.859228,4.399715,4.530778,4.93146,5.423772,5.649055,6.2057257
137,2.0971842,3.9516969,4.016103,3.6277432,3.8572667,3.8547301,4.387291,4.5220027,4.9177566,5.4167643,5.640486,6.177181
138,2.0956497,3.928236,3.995138,3.6255035,3.8491747,3.8245764,4.3822722,4.5128593,4.9104557,5.390034,5.6251264,6.1591005
139,2.0908144,3.92293,3.9832306,3.6220973,3.836424,3.821697,4.351001,4.4864736,4.899389,5.373158,5.596498,6.145476
140,2.0792098,3.9162526,3.9683068,3.6097772,3.820024,3.8011932,4.335837,4.472794,4.8905063,5.3600206,5.586103,6.1034236
141,2.0753655,3.893346,3.9589086,3.5899096,3.8138607,3.7820082,4.3334336,4.4610066,4.8650465,5.345281,5.572341,6.0952826
142,2.0699394,3.8896918,3.9575806,3.5826535,3.7940469,3.772701,4.326489,4.4473906,4.8496623,5.3307304,5.567836,6.0746255
143,2.0610406,3.8754284,3.9406948,3.5744147,3.7925367,3.7650392,4.295876,4.4312053,4.844674,5.323398,5.5415764,6.063622
144,2.0573328,3.862278,3.9266212,3.5586584,3.7779808,3.7465336,4.2790465,4.4249372,4.833761,5.311589,5.5196915,6.023555
145,2.0520027,3.8578665,3.9116256,3.5484579,3.7660131,3.7298646,4.2720494,4.41994,4.826419,5.298273,5.4979105,6.016624
146,2.0467045,3.842437,3.8999333,3.536926,3.7549994,3.7219787,4.2567806,4.404262,4.8130207,5.2798796,5.475616,5.993008
147,2.045455,3.8342805,3.8800416,3.526656,3.74599,3.702116,4.240149,4.402468,4.800118,5.265496,5.4711223,5.9787555
148,2.036625,3.827187,3.8778617,3.5152528,3.734936,3.695274,4.235713,4.3904166,4.7919807,5.254843,5.4426103,5.963885
149,2.0313952,3.8120382,3.8700984,3.506678,3.7229302,3.683635,4.216079,4.3719053,4.7856627,5.246881,5.4385266,5.945227
150,2.0284898,3.7887743,3.865385,3.4873552,3.7217677,3.6722937,4.2014832,4.3587303,4.7775383,5.230699,5.412394,5.9344506
151,2.0236902,3.7850912,3.8529413,3.4777884,3.7023127,3.6686907,4.1781416,4.35338,4.7531176,5.223708,5.406947,5.919806
152,2.0202563,3.7716696,3.8475292,3.4718978,3.6979084,3.654803,4.170556,4.3467355,4.741031,5.2074294,5.3756075,5.9093084
153,2.0131123,3.7596762,3.8427567,3.4540617,3.687949,3.6431863,4.1529403,4.338283,4.7347302,5.196255,5.3672066,5.8896174
154,2.0021925,3.7410111,3.8305988,3.4488308,3.677671,3.62721,4.1451173,4.324213,4.726283,5.188539,5.3597674,5.8469143
155,1.9944233,3.737706,3.8147924,3.4389694,3.6724765,3.617249,4.1203246,4.3155613,4.7091064,5.174939,5.340441,5.840036
156,1.9915067,3.7321866,3.8006878,3.4271066,3.6521814,3.60365,4.1064425,4.2961802,4.692425,5.160814,5.3313484,5.814825
157,1.9896293,3.7181823,3.7851682,3.4156413,3.647465,3.5919747,4.0890512,4.2834806,4.679577,5.1553416,5.303404,5.801839
158,1.9848989,3.714256,3.7793899,3.396028,3.6368294,3.582612,4.0806847,4.268485,4.6687064,5.1425037,5.265126,5.7835093
159,1.9776522,3.7010326,3.765587,3.3922095,3.6120808,3.566334,4.0612416,4.264098,4.6416416,5.12966,5.2573657,5.771308
160,1.9722128,3.697605,3.7534783,3.3883686,3.5904512,3.543024,4.0508285,4.2571926,4.6358843,5.1141386,5.2283134,5.7282033
161,1.9660658,3.6791341,3.7501283,3.3841915,3.587855,3.539763,4.0403166,4.2360735,4.624472,5.104241,5.21854,5.708449
162,1.9602596,3.669587,3.7452822,3.3652456,3.5797784,3.5297372,4.0063167,4.2288427,4.615889,5.0876284,5.201301,5.703921
163,1.9545237,3.659388,3.7313557,3.354189,3.570699,3.5231597,3.9971578,4.2193713,4.6127615,5.079517,5.190043,5.6855946
164,1.9512421,3.653269,3.7146828,3.3332767,3.5651696,3.5080802,3.98309,4.210635,4.592051,5.0694194,5.177964,5.6779757
165,1.9451632,3.6420436,3.7110758,3.322428,3.5508745,3.4958093,3.9829204,4.2023478,4.5885224,5.0474873,5.162769,5.6574616
166,1.9426486,3.6320262,3.6966116,3.3121982,3.5434203,3.4779234,3.9691105,4.1819134,4.564522,5.035985,5.1538563,5.631978
167,1.9406173,3.629559,3.6929548,3.300919,3.542067,3.472472,3.9622023,4.1765394,4.5580482,5.0131326,5.136725,5.6127152
168,1.9331105,3.6135151,3.6777446,3.288518,3.5149915,3.4667058,3.9283957,4.158556,4.552571,5.001636,5.124365,5.597197
169,1.9295089,3.608302,3.669159,3.2764454,3.5033808,3.4508379,3.921528,4.139971,4.537462,4.999966,5.1208553,5.5814905
170,1.92569,3.583308,3.6613817,3.2664123,3.496619,3.4399214,3.9159088,4.136662,4.5356154,4.978399,5.083939,5.5519767
171,1.9191399,3.574253,3.6579096,3.259677,3.4928885,3.4346266,3.8978298,4.132794,4.5147967,4.972336,5.0589104,5.5478287
172,1.9165552,3.570425,3.6404545,3.253182,3.4791543,3.4189157,3.8896112,4.1215825,4.499865,4.9562407,5.0450463,5.5193706
173,1.9125435,3.5620224,3.634787,3.243385,3.4755476,3.4133341,3.8760324,4.106347,4.4887867,4.930515,5.016057,5.502652
174,1.9026412,3.5368454,3.6170805,3.2320454,3.4499166,3.399267,3.8622243,4.097879,4.475716,4.9277816,5.002159,5.4912496
175,1.9002916,3.5352652,3.6094267,3.2192383,3.4463363,3.384711,3.8512151,4.0912995,4.4729247,4.9161763,4.99505,5.4842825
176,1.8986261,3.5281637,3.6008503,3.2151875,3.4374237,3.37483,3.8459136,4.071376,4.461518,4.901761,4.9829426,5.456716
177,1.8855852,3.5138435,3.587385,3.2046897,3.4344773,3.3645592,3.8387463,4.066864,4.4564314,4.8883214,4.975155,5.4218864
178,1.8832339,3.505131,3.5798292,3.190137,3.4260828,3.3575158,3.8329167,4.059384,4.4518437,4.8790255,4.9637938,5.412345
179,1.8787143,3.4978642,3.577336,3.1842227,3.409463,3.343243,3.8175292,4.03319,4.4317436,4.8691893,4.955218,5.3882804
180,1.8771594,3.4884627,3.5661075,3.1764703,3.401581,3.3316317,3.805737,4.027528,4.4168844,4.8479114,4.942655,5.3729825
181,1.8698285,3.4804745,3.5526643,3.16811,3.39304,3.3279436,3.786644,4.0210643,4.407869,4.838809,4.9209504,5.359961
182,1.8670053,3.4675596,3.5440793,3.161049,3.3799417,3.320261,3.7732925,4.0029106,4.398295,4.820577,4.916136,5.345476
183,1.8648316,3.4537492,3.5357628,3.156397,3.368383,3.314692,3.7659025,3.9966831,4.386146,4.8128552,4.9007516,5.3421893
184,1.8589287,3.4497104,3.5236106,3.1383004,3.3639503,3.299946,3.757773,3.9945097,4.373367,4.7985516,4.882571,5.3237786
185,1.8489069,3.4438386,3.5165625,3.13136,3.3554783,3.2852156,3.74367,3.9769557,4.354465,4.789132,4.875485,5.3092694
186,1.8399382,3.4233294,3.5093606,3.1234884,3.3432717,3.27037,3.7325559,3.9617798,4.349745,4.7713475,4.8395724,5.2976475
187,1.8392515,3.4173493,3.489557,3.1103442,3.339835,3.2658722,3.7129228,3.959291,4.3431478,4.7572064,4.8203382,5.289609
188,1.8360561,3.4084227,3.4808805,3.103669,3.3315842,3.259734,3.6885445,3.9433608,4.3364916,4.7499714,4.810159,5.2631083
189,1.8331475,3.402268,3.4718282,3.098361,3.3235977,3.2500415,3.6869075,3.9386797,4.3275933,4.747278,4.8050694,5.261725
190,1.82728,3.3818913,3.4617476,3.09322,3.314882,3.2458205,3.6828837,3.928436,4.3138685,4.731585,4.7866006,5.246687
191,1.8214825,3.3776457,3.4464035,3.075829,3.30533,3.2306175,3.6730902,3.91898,4.3047724,4.7195826,4.772985,5.2350907
192,1.8164757,3.3612409,3.4408426,3.0698109,3.2853858,3.2253551,3.6582441,3.9105358,4.295706,4.7036204,4.757222,5.219913
193,1.812126,3.3509583,3.4295573,3.0496392,3.2830408,3.212984,3.6529474,3.8944747,4.271693,4.693127,4.754621,5.1982775
194,1.8082949,3.346315,3.4267907,3.0379856,3.2703896,3.1997159,3.6483734,3.8916223,4.258504,4.679134,4.7461133,5.185189
195,1.8049984,3.3342805,3.4148238,3.0311725,3.2539263,3.1928303,3.6338236,3.8845382,4.245175,4.6678505,4.7264695,5.156146
196,1.8017378,3.3260732,3.4060562,3.0248532,3.248716,3.1744103,3.6158004,3.8749335,4.237742,4.659252,4.712535,5.1327095
197,1.7960373,3.315373,3.3964648,3.0168488,3.241435,3.1709871,3.6017127,3.8681817,4.224096,4.6484056,4.6967463,5.1289563
198,1.7915806,3.30643,3.387917,3.01382,3.2335222,3.1593351,3.595934,3.8643682,4.212101,4.6290646,4.680139,5.125317
199,1.7872803,3.2974064,3.3816137,3.0061824,3.2195785,3.1505811,3.578619,3.8371139,4.198993,4.6187983,4.662127,5.1054544
200,1.7773255,3.2943077,3.369144,3.0052767,3.2177052,3.135303,3.5711496,3.8286998,4.1914277,4.6118116,4.6527047,5.088912
201,1.7751665,3.280695,3.3640773,2.985417,3.2077239,3.1314461,3.5644457,3.8176038,4.171137,4.594147,4.6419864,5.069271
202,1.7714711,3.2682745,3.345533,2.9712734,3.1959302,3.1187387,3.5519402,3.813972,4.16071,4.5831122,4.629103,5.058337
203,1.766166,3.2608728,3.34087,2.9656482,3.1879823,3.1091022,3.5495975,3.7944865,4.1518106,4.575436,4.6171556,5.048064
204,1.7632724,3.2493196,3.326541,2.9588785,3.1695232,3.085649,3.5200026,3.7900507,4.1406174,4.570612,4.60357,5.0368943
205,1.7593069,3.2474976,3.3184204,2.9536316,3.167389,3.083575,3.5056548,3.7762868,4.138177,4.549599,4.588885,5.0257673
206,1.7516116,3.24087,3.3123457,2.9422987,3.1605575,3.0786245,3.489034,3.7718525,4.132562,4.5317984,4.5676584,5.012267
207,1.7503242,3.2364182,3.3013918,2.9275813,3.1532514,3.0654829,3.478874,3.7601075,4.117691,4.5229564,4.5530314,4.9972715
208,1.7462242,3.2052999,3.2947655,2.920535,3.1490462,3.0555222,3.4707391,3.7574315,4.113317,4.5038795,4.5448456,4.9862237
209,1.7371446,3.2003121,3.2841034,2.9104984,3.1341553,3.0466578,3.4651067,3.751368,4.1000223,4.4872074,4.5143857,4.975952
210,1.7352915,3.185613,3.2710102,2.9095128,3.1230109,3.0445642,3.4434667,3.7317717,4.090846,4.4785285,4.508568,4.957994
211,1.7315089,3.1768312,3.2574244,2.8983805,3.11479,3.0287015,3.4403586,3.7254853,4.0826864,4.4627204,4.4965534,4.9455795
212,1.729563,3.1735888,3.2511916,2.8864002,3.1101975,3.0172272,3.4306467,3.7157104,4.0729566,4.4551864,4.4833317,4.9394507
213,1.7255834,3.1655169,3.2450967,2.8808365,3.099778,3.011,3.4113586,3.7112584,4.0586534,4.443381,4.463803,4.9247355
214,1.7192329,3.1548772,3.2349334,2.8660882,3.0933087,3.0101297,3.4086018,3.704342,4.0441957,4.4357595,4.4552913,4.9074655
215,1.7116284,3.148463,3.2280674,2.861626,3.0870614,2.99923,3.401923,3.682503,4.022401,4.409831,4.4474244,4.894253
216,1.708697,3.136857,3.2164145,2.8497665,3.0790265,2.9868178,3.3766055,3.6738396,4.017316,4.4024806,4.4400373,4.8813186
217,1.7053865,3.134358,3.2097604,2.8463783,3.0672975,2.985771,3.3649657,3.6662045,4.0120187,4.3993893,4.420807,4.8692837
218,1.7023134,3.1273868,3.2055683,2.837842,3.0529687,2.9782243,3.353831,3.6602523,4.0052238,4.378347,4.4054675,4.8629346
219,1.697073,3.1180482,3.1889806,2.8327765,3.0488875,2.9683576,3.3479307,3.6459725,4.0034885,4.3708014,4.3956313,4.849513
220,1.695045,3.0998228,3.1823616,2.8291519,3.0321195,2.9588547,3.3363092,3.6380196,3.993689,4.3663483,4.3885884,4.8134694
221,1.6877952,3.0942206,3.1740553,2.8095899,3.027461,2.9371076,3.3248503,3.6326773,3.9746935,4.349388,4.367711,4.8044834
222,1.68582,3.0834558,3.1689079,2.8059545,3.013206,2.9295998,3.3099656,3.6144288,3.963556,4.330876,4.3495154,4.793658
223,1.6819614,3.077185,3.1607552,2.797938,3.0062082,2.922201,3.308335,3.6017222,3.9564095,4.323843,4.3450055,4.777421
224,1.674275,3.0680404,3.1474156,2.7929244,3.0029483,2.913412,3.3009436,3.5935674,3.9329846,4.3176193,4.3221292,4.7612386
225,1.670829,3.0636578,3.1378617,2.7821195,2.9979665,2.9085226,3.2898865,3.5872357,3.9288943,4.2995086,4.3067594,4.7562346
226,1.6666356,3.0513816,3.130459,2.7791333,2.9874027,2.9013765,3.2767959,3.5777817,3.921531,4.290853,4.293891,4.745011
227,1.659599,3.0484123,3.1277454,2.760699,2.975867,2.8900433,3.2756157,3.5689936,3.9179885,4.283604,4.2891297,4.729591
228,1.6570972,3.0370374,3.1152601,2.7527347,2.9710371,2.8843534,3.2681634,3.5675175,3.906689,4.2759523,4.2697744,4.7169824
229,1.6522458,3.029044,3.1100771,2.746336,2.964614,2.8719573,3.2480903,3.5546186,3.8894303,4.2662597,4.25117,4.7079954
230,1.6494396,3.0149148,3.1054957,2.7436807,2.9545143,2.8626132,3.2399087,3.5526395,3.8885076,4.2424006,4.2411456,4.693541
231,1.6428246,3.0115533,3.0926037,2.735441,2.9501045,2.85833,3.2291071,3.5364432,3.8833072,4.229992,4.2386045,4.6838584
232,1.6422653,2.9924982,3.088103,2.7210476,2.9380767,2.850982,3.2246168,3.5324006,3.8787305,4.222395,4.218639,4.6741652
233,1.6376089,2.9822404,3.0759594,2.7086444,2.9307878,2.8412788,3.218141,3.5196433,3.8699481,4.211024,4.208543,4.6629453
234,1.6363952,2.9706857,3.0731294,2.7027605,2.9292269,2.8334863,3.2112343,3.5130205,3.8623528,4.1961327,4.20229,4.6532254
235,1.6293645,2.9646862,3.0646684,2.6980064,2.9139245,2.8162303,3.1938589,3.5016785,3.8424773,4.187282,4.201018,4.6509376
236,1.6250403,2.9596486,3.060575,2.6965225,2.9123526,2.8084638,3.187658,3.4918187,3.83945,4.171085,4.1645637,4.6274004
237,1.6204706,2.9502757,3.052808,2.6793804,2.9029524,2.8025498,3.1714678,3.4885123,3.819252,4.1672416,4.1533365,4.622208
238,1.6169469,2.9349916,3.0361764,2.6760554,2.8959143,2.798855,3.1636117,3.477344,3.811126,4.1566405,4.148194,4.612556
239,1.6147716,2.9278412,3.0333927,2.6706798,2.891172,2.7901485,3.1577837,3.4617622,3.7996209,4.140874,4.129175,4.5955205
240,1.6122587,2.9229403,3.0280113,2.6617103,2.882403,2.7797906,3.1502314,3.4507406,3.7953165,4.1358886,4.1222215,4.5838075
241,1.6103126,2.9182744,3.022478,2.6516786,2.8715694,2.773246,3.135777,3.4470987,3.7765605,4.122403,4.1099567,4.579647
242,1.6013811,2.9110975,3.0102556,2.6411703,2.8643618,2.768826,3.1236587,3.4402897,3.7723503,4.10454,4.1005745,4.571152
243,1.5958464,2.903103,3.007305,2.6315618,2.8555384,2.754872,3.1157749,3.4361472,3.7695978,4.098288,4.0895357,4.545055
244,1.592872,2.8915677,2.985794,2.6273124,2.8471751,2.751556,3.1111407,3.4197772,3.7479265,4.0889945,4.0857086,4.542459
245,1.58451,2.8811367,2.9769938,2.6238434,2.8402858,2.7422652,3.0944834,3.4049668,3.7407568,4.0865865,4.0587487,4.53597
246,1.581501,2.8636847,2.9664197,2.6198323,2.8329642,2.7355764,3.08593,3.3931515,3.723654,4.0813985,4.053608,4.525696
247,1.5782114,2.8591185,2.958692,2.6017811,2.822644,2.7205238,3.0782814,3.3888261,3.7224443,4.069365,4.0499606,4.5104685
248,1.5724484,2.8525057,2.952876,2.5975764,2.8152542,2.7161324,3.0692523,3.3724856,3.7118013,4.062012,4.026593,4.488688
249,1.5672086,2.8514254,2.9436944,2.5906894,2.8070037,2.7052796,3.063757,3.3634787,3.6993532,4.0432606,4.0221996,4.4733953
250,1.5630877,2.8249261,2.9409473,2.577041,2.8054762,2.6947076,3.0548458,3.3577194,3.697609,4.0385756,4.0059032,4.4643283
251,1.5608941,2.8175457,2.9313731,2.566255,2.7960851,2.6910167,3.0449586,3.3517714,3.6818392,4.0340667,3.989301,4.457651
252,1.5564064,2.8130193,2.9249287,2.556857,2.7871983,2.6805384,3.0360813,3.3475716,3.6756356,4.008345,3.9781215,4.445778
253,1.5491971,2.8080099,2.9123526,2.553603,2.7742918,2.6733584,3.0273223,3.3394163,3.660583,4.0033507,3.9621816,4.4392533
254,1.5462748,2.8029025,2.9074783,2.5486648,2.767408,2.6690698,3.0145996,3.3271954,3.6579716,3.995532,3.9549701,4.4206657
255,1.544875,2.8001034,2.8999252,2.5429878,2.7552245,2.659367,3.0116622,3.3262303,3.642514,3.9847674,3.9503593,4.410792
256,1.5425261,2.7883449,2.8913496,2.5337338,2.7516625,2.652393,2.9936886,3.3168635,3.6364083,3.971854,3.931972,4.3976736
257,1.535752,2.7786224,2.8742294,2.5297692,2.7468941,2.6475043,2.9806068,3.3119419,3.620715,3.9655652,3.9225662,4.3738966
258,1.5351102,2.7718816,2.8696358,2.5187159,2.7409475,2.6357358,2.9757276,3.3004472,3.6108572,3.9585428,3.9114075,4.364783
259,1.5291485,2.763315,2.8644338,2.5122344,2.7330873,2.6294396,2.9652436,3.284273,3.6003358,3.9550934,3.9022048,4.358597
260,1.5274347,2.7623343,2.8546877,2.5043862,2.721714,2.6211157,2.9644847,3.277655,3.582848,3.929007,3.894173,4.3444095
261,1.5215455,2.7473083,2.8502944,2.498785,2.7136931,2.613789,2.9598322,3.268906,3.5768142,3.9163537,3.878776,4.3373117
262,1.5186375,2.7367332,2.839869,2.491498,2.7002544,2.6004226,2.9419,3.2519636,3.571409,3.9092085,3.8686767,4.332992
263,1.5133337,2.7300725,2.8359888,2.4840922,2.6925185,2.5911427,2.9307125,3.2491772,3.5665486,3.9001858,3.8564851,4.3048244
264,1.5075339,2.7244253,2.8171659,2.4789147,2.6881979,2.5868835,2.9237173,3.2456465,3.5576787,3.890012,3.8273094,4.3036475
265,1.505787,2.7202172,2.8104725,2.464632,2.682577,2.5817776,2.9053705,3.2364993,3.5440655,3.8715992,3.8252943,4.286895
266,1.4982193,2.7141898,2.8047621,2.4623373,2.675766,2.57445,2.9028296,3.233333,3.5430675,3.8612123,3.804747,4.2829204
267,1.494202,2.7089267,2.799235,2.455846,2.6730552,2.5683293,2.8867512,3.2215114,3.5276835,3.8604035,3.7937188,4.2700415
268,1.4898129,2.7008574,2.7879274,2.450134,2.657653,2.5632968,2.8784235,3.21374,3.518584,3.8315682,3.785705,4.2662277
269,1.4883482,2.6839004,2.7831535,2.4482486,2.6468642,2.5490124,2.8727667,3.2032418,3.5120664,3.828664,3.77584,4.252623
270,1.4870899,2.677567,2.7709527,2.4410255,2.64203,2.5397458,2.8624594,3.2000725,3.508979,3.8220706,3.7667315,4.2390656
271,1.4836931,2.6719334,2.7662477,2.4313278,2.632042,2.5281777,2.8481326,3.18587,3.5004835,3.8156135,3.756196,4.234139
272,1.4742382,2.6608894,2.7579007,2.425168,2.6297,2.526304,2.8469481,3.178787,3.4880445,3.8060417,3.7413466,4.22692
273,1.472863,2.6478012,2.7511194,2.4158733,2.624275,2.5243592,2.8405945,3.1686192,3.4797971,3.7814233,3.7335863,4.206584
274,1.4688228,2.6379178,2.7388287,2.4109848,2.6132514,2.5107546,2.8237548,3.1651316,3.468148,3.772362,3.7287288,4.2016125
275,1.4630157,2.6273813,2.7329125,2.402998,2.6100256,2.5079405,2.820532,3.160246,3.4531548,3.7674513,3.7242048,4.186402
276,1.4599559,2.6200652,2.731498,2.385956,2.6077223,2.5064745,2.8100774,3.143051,3.4467041,3.7485874,3.7128148,4.170266
277,1.4578313,2.6089578,2.7210908,2.385887,2.6047344,2.481702,2.8017929,3.135306,3.4424398,3.7467356,3.7044358,4.156742
278,1.4540061,2.6036062,2.7086527,2.3773189,2.5945566,2.4803505,2.7956357,3.1341693,3.429507,3.730815,3.6893349,4.1562934
279,1.4482971,2.5927613,2.7034817,2.3655596,2.576007,2.4721935,2.7898514,3.1226423,3.4224837,3.7202382,3.6842823,4.1406136
280,1.444744,2.5901425,2.6960948,2.364101,2.5711293,2.463048,2.7738621,3.1106231,3.4070797,3.7117162,3.652197,4.1225815
281,1.4422255,2.5788922,2.6930845,2.3569524,2.5682082,2.4473288,2.769695,3.106984,3.4035463,3.705475,3.6463816,4.120399
282,1.4404451,2.5686007,2.6794403,2.3490462,2.5637975,2.4453452,2.7593112,3.10034,3.3940542,3.696594,3.636632,4.112257
283,1.4366214,2.565684,2.6709535,2.345158,2.5603678,2.4408016,2.754555,3.0948758,3.3852983,3.6895945,3.6253693,4.0990357
284,1.4304757,2.5619097,2.6682818,2.3343062,2.553429,2.4313045,2.7437098,3.075025,3.3724678,3.6767795,3.6159177,4.0963635
285,1.4281983,2.5479505,2.6512764,2.3242826,2.543492,2.4240377,2.7361224,3.063548,3.367017,3.6632004,3.6059062,4.0849776
286,1.4214644,2.5457118,2.6447284,2.321504,2.5374048,2.4129956,2.7234101,3.0527675,3.3620107,3.6528258,3.598749,4.0766277
287,1.4168328,2.5402036,2.6400805,2.3181777,2.527791,2.4120286,2.7159715,3.0497515,3.3560483,3.637674,3.5860367,4.0664315
288,1.4154674,2.5314012,2.628871,2.3158813,2.5177314,2.4027696,2.7082782,3.044641,3.3364482,3.6347787,3.5768077,4.048016
289,1.4123167,2.52945,2.6202395,2.3029473,2.508144,2.393998,2.7055852,3.037771,3.3249078,3.6227207,3.5680811,4.0308685
290,1.4086741,2.515617,2.6130683,2.2973068,2.4997475,2.3803601,2.693025,3.032161,3.3160777,3.6192553,3.5533137,4.023364
291,1.404971,2.507238,2.6080225,2.2950268,2.4886808,2.3740096,2.689084,3.0221972,3.3065584,3.5999868,3.5420873,4.002208
292,1.4014657,2.496152,2.5967357,2.286701,2.4828553,2.3668742,2.6746967,3.0120165,3.2993398,3.593572,3.5333006,3.99922
293,1.3988938,2.493576,2.5925622,2.2716749,2.4728816,2.3643825,2.6668196,3.0033553,3.2910578,3.591903,3.522449,3.9900253
294,1.3977541,2.488684,2.5879292,2.2673569,2.4657123,2.3576806,2.662353,2.9947808,3.2821927,3.573415,3.5159128,3.9711232
295,1.3909196,2.4800568,2.5802908,2.2615042,2.4615836,2.3504088,2.6582234,2.988491,3.2741818,3.560946,3.5004077,3.9646935
296,1.3881266,2.4708905,2.5609188,2.2557604,2.4544983,2.338568,2.641615,2.9684372,3.2579944,3.5501442,3.4915323,3.9553936
297,1.3830087,2.4597602,2.5597372,2.2521856,2.4457033,2.3312378,2.632451,2.9601257,3.2517974,3.5391161,3.4866009,3.9391758
298,1.3787977,2.4554904,2.5499814,2.243099,2.4401598,2.322372,2.6267033,2.9537249,3.2470593,3.531317,3.466027,3.9385104
299,1.3731985,2.4495008,2.546784,2.2350461,2.426435,2.3183525,2.6222417,2.9494505,3.2403872,3.5208156,3.456213,3.9254153
300,1.3708372,2.4412994,2.5402415,2.228669,2.4198577,2.315051,2.6150832,2.9435828,3.2354343,3.506553,3.4483688,3.9136498
301,1.3672848,2.4307995,2.532318,2.2212749,2.4133186,2.3100393,2.610484,2.9375505,3.2282138,3.5013921,3.4311776,3.909079
302,1.3659569,2.4268088,2.5312238,2.2107644,2.4060655,2.2892957,2.5972939,2.92576,3.1976957,3.4952023,3.4158127,3.8992317
303,1.3645427,2.4211137,2.5193014,2.20852,2.4000423,2.2889109,2.590338,2.9105263,3.1921325,3.4873605,3.4137287,3.892795
304,1.360511,2.4172382,2.5147233,2.206044,2.397967,2.2843242,2.5788798,2.9035785,3.1877103,3.470163,3.4065273,3.8749158
305,1.3569908,2.3991969,2.497894,2.195073,2.3890429,2.2756536,2.5759084,2.9025266,3.1867213,3.4651206,3.4014533,3.8641777
306,1.3507588,2.3974597,2.4918034,2.189423,2.3865416,2.2744288,2.571348,2.8975766,3.174752,3.4568758,3.3957043,3.857833
307,1.3467672,2.3913686,2.490289,2.1790903,2.3719635,2.2603939,2.5701892,2.8820386,3.167832,3.4515254,3.3915358,3.8406105
308,1.3419144,2.3845677,2.4831145,2.1728697,2.359296,2.2581902,2.5491605,2.876841,3.1635733,3.435026,3.3680525,3.8379295
309,1.3395451,2.3710542,2.4721599,2.1639194,2.3576396,2.250314,2.5418231,2.8758364,3.1565588,3.42116,3.3483608,3.8226323
310,1.3373748,2.359241,2.4657538,2.161843,2.3508046,2.2430832,2.5270596,2.8683343,3.14408,3.4158962,3.3458908,3.8108478
311,1.3349371,2.3551815,2.4641857,2.156315,2.3356304,2.2424004,2.5227082,2.8607051,3.140055,3.410647,3.3345177,3.8059053
312,1.3299135,2.3525207,2.4591422,2.1524835,2.3336997,2.2324202,2.5175872,2.844207,3.1278934,3.40187,3.3301532,3.7900817
313,1.3231514,2.3425212,2.4520764,2.1452055,2.3298895,2.2296195,2.5122736,2.840623,3.1154659,3.381293,3.3067276,3.777023
314,1.3198407,2.3378131,2.4446702,2.1275945,2.3202052,2.2175488,2.5026307,2.8363452,3.11059,3.3755383,3.3054597,3.763656
315,1.3151374,2.3342183,2.439306,2.1255438,2.313411,2.208207,2.4919102,2.8311152,3.1052194,3.3727806,3.2988195,3.7545319
316,1.3113306,2.3258033,2.4331334,2.1210172,2.3077412,2.1996126,2.4874048,2.8209279,3.0957768,3.3585448,3.2766485,3.7419045
317,1.3101302,2.3190022,2.4220917,2.1157105,2.298261,2.1948345,2.479795,2.8138826,3.0783584,3.3486373,3.275056,3.7381701
318,1.3047881,2.3123333,2.4119325,2.1081495,2.2971172,2.1902115,2.4675307,2.8130562,3.0737362,3.336772,3.2650707,3.7347863
319,1.3029304,2.2997136,2.409869,2.1019084,2.284623,2.1774735,2.4632676,2.7938488,3.0671296,3.3244336,3.257893,3.7279139
320,1.3009233,2.2932956,2.3976068,2.0953016,2.2783759,2.1707833,2.4593527,2.790239,3.0585399,3.319537,3.2519863,3.7154171
321,1.2980672,2.2861013,2.3878243,2.079645,2.2727983,2.1628864,2.4382105,2.7798054,3.0519357,3.3128805,3.2421572,3.7061489
322,1.2950078,2.271651,2.3807762,2.0720015,2.2627282,2.1571174,2.4310412,2.7748883,3.0454469,3.3032298,3.2266104,3.6937826
323,1.287492,2.2650228,2.3766856,2.067941,2.2609668,2.1545146,2.4204855,2.7710626,3.0369265,3.2922459,3.2197764,3.684465
324,1.284398,2.2546492,2.3697944,2.0664043,2.2531905,2.1510131,2.4176931,2.7605996,3.0255158,3.2698693,3.2087188,3.6708963
325,1.2794251,2.2491894,2.3626459,2.05822,2.250523,2.1465971,2.4091594,2.745629,3.020546,3.2649107,3.1968431,3.667059
326,1.2777152,2.2374473,2.3513098,2.0469253,2.2336202,2.1461205,2.3966086,2.742437,3.0089056,3.251982,3.179032,3.6519203
327,1.2736652,2.2352738,2.3494473,2.0460484,2.225335,2.131686,2.3917868,2.7310274,3.0019252,3.2496238,3.174102,3.6456928
328,1.2670606,2.2260697,2.348026,2.0392427,2.2131357,2.122719,2.3819137,2.7230022,2.9965668,3.2455716,3.1709528,3.6268692
329,1.2658782,2.218437,2.3378282,2.0317028,2.2100847,2.1099305,2.380023,2.7204313,2.9884348,3.2296515,3.160645,3.6241953
330,1.2592875,2.2109268,2.3258924,2.0276253,2.2083688,2.1083364,2.365172,2.7171135,2.9695148,3.2111452,3.154194,3.620033
331,1.2560625,2.2047393,2.315997,2.0230212,2.198574,2.1014466,2.3560214,2.7135315,2.9654922,3.198232,3.1413727,3.6070802
332,1.254078,2.1962085,2.3087165,2.0148609,2.1916428,2.0943327,2.3492014,2.7058866,2.9542964,3.1972744,3.1284213,3.5958126
333,1.251975,2.1931157,2.3020382,2.0077562,2.1873462,2.0782015,2.3457577,2.69037,2.9491925,3.1754835,3.1217718,3.5836358
334,1.2462642,2.1877506,2.2970824,2.0038114,2.175971,2.0719554,2.3379428,2.6809049,2.9365656,3.1698897,3.1055536,3.562677
335,1.2428108,2.1728313,2.2863784,1.9980304,2.1739721,2.0699694,2.334919,2.6799605,2.9240208,3.163951,3.0989814,3.5618088
336,1.2418483,2.1638372,2.2837074,1.9912796,2.1675377,2.058348,2.3255117,2.6616418,2.920363,3.151643,3.0882435,3.5472276
337,1.2356026,2.1612053,2.2728312,1.9868054,2.163333,2.0539162,2.3166182,2.6531286,2.9143264,3.1450112,3.0798461,3.539363
338,1.2341416,2.1579533,2.2594755,1.9797904,2.1556478,2.0509758,2.3086903,2.646026,2.908161,3.131801,3.0674155,3.5311456
339,1.2288723,2.1499014,2.251842,1.975464,2.1491077,2.0461426,2.2954812,2.6420176,2.8984733,3.1231863,3.0613077,3.5258472
340,1.2267151,2.1407542,2.2488961,1.9658546,2.1412277,2.0339992,2.2890487,2.6342354,2.8898041,3.1055562,3.0473683,3.5115159
341,1.2254694,2.138198,2.2408192,1.961011,2.1320233,2.0313525,2.2836058,2.6289191,2.8853974,3.0989866,3.0377824,3.500067
342,1.2196048,2.130908,2.2377949,1.9518527,2.122437,2.0253713,2.279214,2.618253,2.871678,3.0910058,3.0340824,3.4938085
343,1.2150145,2.1273386,2.23245,1.9509808,2.1175597,2.022642,2.2741034,2.6099038,2.8541758,3.0799723,3.023754,3.4762166
344,1.212674,2.117232,2.2197921,1.9421537,2.1108024,2.0127785,2.2686522,2.6054714,2.8498785,3.0765612,3.010741,3.4648275
345,1.2080922,2.1072233,2.2193446,1.9393442,2.1056828,2.0096834,2.2610939,2.6005695,2.8401568,3.069195,2.9952855,3.4499521
346,1.2076899,2.1009552,2.2109823,1.9329934,2.10107,2.0064282,2.250345,2.5999038,2.8244975,3.055006,2.9888544,3.448855
347,1.2001017,2.098404,2.2071483,1.9311374,2.0985243,1.9888089,2.24293,2.5923157,2.814836,3.05117,2.9841359,3.4304702
348,1.1984372,2.088598,2.198318,1.9234501,2.088546,1.9865263,2.236734,2.582119,2.8052125,3.03887,2.9722033,3.428063
349,1.1927073,2.084054,2.1914604,1.916843,2.0801795,1.9731994,2.2262998,2.569776,2.8013608,3.0328457,2.9658508,3.4187336
350,1.1890845,2.0793104,2.1891797,1.9010553,2.065526,1.9689056,2.2228293,2.5652814,2.794854,3.0195243,2.9520938,3.4144251
351,1.1834935,2.0685916,2.1831746,1.8962562,2.0632172,1.9658146,2.209842,2.5579653,2.7776291,3.0182626,2.9495425,3.4016557
352,1.1832825,2.062523,2.1748054,1.8905962,2.0592778,1.9585488,2.2044284,2.554372,2.7743912,2.9991517,2.9349391,3.3892136
353,1.1759926,2.0602148,2.1722305,1.8846256,2.0443804,1.9466336,2.1939197,2.5448787,2.7705193,2.9948065,2.9239006,3.3815074
354,1.1732605,2.051431,2.1612723,1.8820485,2.041717,1.9417638,2.1873066,2.5324342,2.7644858,2.981194,2.9200282,3.3700976
355,1.1726174,2.0357976,2.1530416,1.881151,2.0366836,1.9405733,2.1772592,2.5302863,2.756247,2.9736664,2.9057732,3.3647418
356,1.1685356,2.03167,2.1481144,1.8698817,2.0290658,1.9322128,2.1650424,2.519423,2.7543464,2.9694324,2.8979094,3.3493829
357,1.1657192,2.0269616,2.1457534,1.8590328,2.0216167,1.9272916,2.1612225,2.513644,2.7497566,2.9526923,2.8935463,3.3468277
358,1.1627716,2.0266337,2.1366587,1.8554333,2.0182164,1.9212799,2.1542916,2.4941106,2.7374682,2.9482644,2.8740137,3.3292997
359,1.1590531,2.0178132,2.1287065,1.8481971,2.005446,1.9096272,2.1458583,2.4912133,2.7322285,2.9407833,2.867337,3.32084
360,1.1548495,2.006309,2.1236136,1.8411564,1.9926767,1.9077815,2.141129,2.4863288,2.7198796,2.9363241,2.855528,3.311236
361,1.1506318,2.0027015,2.1172976,1.8383309,1.9885457,1.9055815,2.134471,2.483993,2.7156458,2.9279466,2.8496685,3.3050938
362,1.1474035,1.9942375,2.111117,1.8259325,1.9806185,1.8944619,2.1230254,2.4805396,2.7060876,2.9167747,2.846293,3.288638
363,1.1411096,1.992835,2.1043873,1.8197486,1.973284,1.891482,2.1121767,2.4698818,2.7011733,2.9092536,2.8335128,3.2820342
364,1.1366663,1.9880869,2.0962038,1.8148404,1.971433,1.8883212,2.100917,2.457141,2.6897216,2.896286,2.8227382,3.2761846
365,1.1325963,1.9774959,2.0927262,1.8062265,1.9680593,1.8776721,2.0965767,2.4482985,2.6840193,2.8864508,2.8176403,3.267004
366,1.1282728,1.9717113,2.0824502,1.799756,1.9577388,1.868844,2.0914834,2.4430146,2.6790726,2.8697338,2.8086908,3.2581007
367,1.1264373,1.9593716,2.072451,1.7948323,1.9453229,1.8651601,2.0886877,2.4354408,2.6733952,2.8664474,2.8050075,3.2483282
368,1.1256953,1.9541192,2.0694573,1.7852529,1.9376423,1.8610822,2.086715,2.4220192,2.6624897,2.8599253,2.7982185,3.2433457
369,1.1184958,1.9493629,2.0632887,1.7812481,1.9279886,1.8514701,2.0750296,2.4131632,2.6568272,2.8408587,2.7758393,3.2338662
370,1.1154499,1.9439405,2.0595295,1.7793028,1.926408,1.8477395,2.06042,2.4103515,2.643173,2.8354783,2.7707434,3.2316844
371,1.1138942,1.9339248,2.0513844,1.7723796,1.9130206,1.8418953,2.0438874,2.4027803,2.6373758,2.828957,2.7569163,3.2188096
372,1.1082902,1.9254829,2.0318532,1.7638843,1.9037238,1.832844,2.03574,2.4012625,2.632851,2.8190463,2.7464893,3.207584
373,1.1057715,1.9226708,2.0228238,1.7605699,1.9018275,1.8314747,2.032607,2.3958983,2.616998,2.804507,2.7428038,3.1984782
374,1.1020519,1.9140702,2.0215943,1.7581029,1.8981842,1.8206522,2.028578,2.3890052,2.6108527,2.7986052,2.734183,3.187288
375,1.0990597,1.9121583,2.0197415,1.7546036,1.8880562,1.8094243,2.0272486,2.3861997,2.6054466,2.793666,2.730949,3.17784
376,1.0949857,1.9031919,2.0083985,1.7516166,1.8833102,1.8052973,2.0168884,2.379239,2.5980814,2.7830222,2.7075102,3.1557753
377,1.09126,1.8983196,2.0029986,1.7450585,1.8766592,1.8024474,2.014649,2.3721554,2.5868027,2.7759423,2.7051773,3.145753
378,1.0888333,1.8928124,1.9970996,1.7365122,1.8689871,1.7896702,2.001588,2.3581696,2.5781877,2.7700083,2.6969802,3.133206
379,1.0829446,1.8853469,1.9907845,1.7338309,1.8660978,1.7852342,1.9931123,2.3491142,2.5639634,2.7637753,2.690456,3.1291506
380,1.0798571,1.8785683,1.9898589,1.7291272,1.859684,1.7809671,1.9908834,2.3445196,2.5612168,2.74968,2.6865904,3.12474
381,1.0778785,1.8742466,1.9788095,1.7197489,1.852842,1.778373,1.9877014,2.3399482,2.5545585,2.7430446,2.676895,3.1181557
382,1.0704962,1.8588637,1.9701189,1.712541,1.8481983,1.7743174,1.9772178,2.3256314,2.5426643,2.730535,2.6585758,3.104366
383,1.0697606,1.8547791,1.9683267,1.704769,1.8357214,1.766833,1.9742973,2.3239236,2.539172,2.721283,2.6522093,3.0899777
384,1.0685257,1.849642,1.9576942,1.7023681,1.8278176,1.7586821,1.9670799,2.314895,2.527989,2.7107172,2.643364,3.0835338
385,1.0633779,1.84146,1.9571872,1.6975236,1.820558,1.7553629,1.9565421,2.3045344,2.5160956,2.6972363,2.640324,3.065314
386,1.0618854,1.838477,1.9516135,1.6841897,1.8157594,1.7455076,1.948717,2.3033185,2.5078833,2.6916392,2.6208901,3.058586
387,1.0590107,1.8294597,1.9388998,1.6791309,1.8125768,1.7376938,1.9439152,2.2890484,2.5001585,2.6843975,2.6080427,3.0550501
388,1.0527692,1.8227133,1.9380277,1.6713417,1.8082067,1.7244093,1.9328662,2.2871952,2.4911294,2.6821,2.6058624,3.0483582
389,1.0469592,1.8172076,1.9287454,1.6692407,1.7980297,1.7234488,1.9301292,2.28373,2.484799,2.6737692,2.5959914,3.0373027
390,1.044876,1.8110915,1.9175875,1.6609592,1.7933407,1.7177148,1.9186233,2.2724211,2.480414,2.6699588,2.5901752,3.023379
391,1.0406291,1.8060979,1.9111704,1.6596317,1.7885163,1.7093058,1.913812,2.266154,2.4718015,2.6527119,2.5742662,3.020737
392,1.0345469,1.7980063,1.9076508,1.6538432,1.7860214,1.7021251,1.9038937,2.2621667,2.4658453,2.639907,2.573625,3.0128632
393,1.0287275,1.7926112,1.9026119,1.6469326,1.7708895,1.6985106,1.8973536,2.2491932,2.4521403,2.626594,2.5672784,3.003303
394,1.0275084,1.7822689,1.8966017,1.6394209,1.7667708,1.6944665,1.8911533,2.2433295,2.4483683,2.6210275,2.5553071,2.9972668
395,1.0232642,1.7794607,1.888405,1.6356484,1.7574786,1.6940811,1.8742744,2.2336943,2.4316685,2.61836,2.5438375,2.9876285
396,1.0190408,1.7686663,1.8854088,1.6320041,1.7539657,1.6824615,1.8718363,2.2302892,2.4245071,2.6146104,2.5321617,2.9826174
397,1.0170363,1.7646265,1.879673,1.6238824,1.7473876,1.6755713,1.8679103,2.2225256,2.4174073,2.6016262,2.5251005,2.9665492
398,1.014299,1.760935,1.869498,1.6219035,1.7451528,1.673797,1.8662411,2.2124832,2.411713,2.592729,2.5111637,2.9609978
399,1.0110351,1.7581248,1.8592924,1.6154802,1.7374353,1.6656615,1.8646588,2.2064364,2.40516,2.5795953,2.5012739,2.9509904
400,1.0071825,1.756153,1.8560296,1.6088347,1.7341071,1.6559412,1.8563869,2.202737,2.3958519,2.5690882,2.4998848,2.944877
401,1.001171,1.7488854,1.8513736,1.6043305,1.7308205,1.6494606,1.8495692,2.1970217,2.3880854,2.5560894,2.476266,2.9376059
402,0.99911374,1.7453512,1.8444766,1.5985776,1.7260466,1.6455512,1.8424758,2.1873608,2.3818266,2.5454357,2.4727128,2.9271007
403,0.9976353,1.7386298,1.840634,1.5949644,1.7197345,1.6424824,1.823734,2.1844733,2.3760984,2.535423,2.466819,2.9162884
404,0.9953819,1.7308291,1.8372848,1.5886265,1.7108139,1.6382099,1.8132724,2.1703362,2.366935,2.5299792,2.4461036,2.9109652
405,0.99035114,1.7257164,1.8255838,1.5832206,1.6986536,1.635117,1.8091271,2.1683807,2.350213,2.5267735,2.4399316,2.8985293
406,0.9873915,1.711243,1.820901,1.5774702,1.6980132,1.626746,1.803151,2.154673,2.3460789,2.5087395,2.436913,2.898051
407,0.9827735,1.7064972,1.81032,1.5731196,1.6892341,1.6215116,1.8010654,2.1447852,2.3356824,2.50608,2.4255803,2.8875923
408,0.98016936,1.6960162,1.8053831,1.570492,1.6779442,1.6194385,1.794018,2.1345608,2.3301978,2.4926257,2.4197998,2.8799677
409,0.97991836,1.6944954,1.8038505,1.5605999,1.6718044,1.6063204,1.7913886,2.1273067,2.326463,2.4883199,2.409458,2.8669555
410,0.9778545,1.6888573,1.78957,1.5459777,1.668798,1.6004367,1.7845762,2.1191258,2.3214993,2.4750705,2.4011168,2.8551447
411,0.9723113,1.6845791,1.7865702,1.5442073,1.666889,1.5958636,1.7797692,2.1124218,2.3171694,2.4709568,2.3916848,2.8465457
412,0.96617156,1.670911,1.7801875,1.5311067,1.6656666,1.5865612,1.7728512,2.1078851,2.3067064,2.4669166,2.3831232,2.8435507
413,0.9626319,1.6673238,1.775822,1.5288423,1.6522673,1.5833552,1.7685368,2.0978541,2.2989345,2.4514034,2.3776896,2.8306284
414,0.9609094,1.6638567,1.7686163,1.5256804,1.6470479,1.573882,1.7631067,2.0922306,2.2895188,2.4448514,2.3688104,2.8157303
415,0.95493585,1.6598203,1.7653921,1.5233527,1.6380137,1.5713358,1.7470316,2.0849714,2.2828436,2.442086,2.3675551,2.811566
416,0.9533942,1.6508628,1.7615242,1.5177697,1.6356356,1.5680798,1.741955,2.0794454,2.2801077,2.4349003,2.3527017,2.7965014
417,0.9481018,1.6430442,1.7545317,1.5131408,1.6308964,1.5603124,1.7382257,2.07486,2.2759085,2.4211555,2.345234,2.7881043
418,0.94671464,1.6396699,1.7495204,1.508551,1.6275418,1.5597463,1.7376144,2.071071,2.2720816,2.4151647,2.3377054,2.774474
419,0.9420722,1.6356813,1.7470328,1.5028261,1.614689,1.553707,1.7302716,2.0602088,2.261235,2.4066195,2.3218474,2.771034
420,0.93496025,1.62931,1.7343227,1.4927311,1.6053077,1.5468456,1.718162,2.0520008,2.2499673,2.4040282,2.3071823,2.7629666
421,0.9328525,1.6170956,1.72727,1.4874976,1.6027958,1.5385734,1.7128288,2.0477085,2.2440221,2.3922968,2.2874632,2.7565222
422,0.9282766,1.6165911,1.7186537,1.484397,1.5916455,1.5305681,1.702271,2.0398245,2.2321594,2.3891573,2.2860732,2.7502828
423,0.92573154,1.6116855,1.7117584,1.4803381,1.5840943,1.526214,1.6999279,2.0294244,2.2233264,2.3728802,2.2773604,2.7450929
424,0.9230347,1.6063615,1.7054018,1.4788204,1.578293,1.5183753,1.6934687,2.0271657,2.2120326,2.3649247,2.2660384,2.7306254
425,0.91976047,1.5961599,1.7002815,1.4713962,1.5728773,1.5107911,1.6851213,2.0249887,2.1970983,2.3564317,2.2643406,2.7292123
426,0.9174238,1.585135,1.6912041,1.4684243,1.5672879,1.507379,1.6768159,2.0154622,2.1933525,2.3459616,2.2523751,2.7069607
427,0.9141061,1.5804702,1.6845443,1.4626224,1.5586761,1.5053288,1.6751146,2.0070107,2.1837285,2.3404622,2.238218,2.6975787
428,0.9097175,1.5770922,1.6780926,1.452905,1.5519552,1.5013765,1.6709894,2.005539,2.1759815,2.3336,2.2305014,2.6887457
429,0.905428,1.5699745,1.6739346,1.4464862,1.5479178,1.4880464,1.663978,2.000744,2.170828,2.329483,2.2237937,2.680791
430,0.9040871,1.5652475,1.6690631,1.4392649,1.5337249,1.4858806,1.6557924,1.9949948,2.1606483,2.3198607,2.212854,2.6683893
431,0.9000251,1.5538275,1.6646411,1.4381104,1.5311452,1.477981,1.6520313,1.9933069,2.1476696,2.3126283,2.200013,2.664532
432,0.89789504,1.5503567,1.6555717,1.4314835,1.5182625,1.4712688,1.6483935,1.9744731,2.1385067,2.304225,2.1942718,2.6509528
433,0.8920879,1.5477396,1.6545072,1.4282651,1.515295,1.4653196,1.6438577,1.9705755,2.1360488,2.2950063,2.1909037,2.6477158
434,0.88984966,1.5456057,1.6519673,1.4244989,1.507967,1.4619223,1.6350092,1.9601738,2.128697,2.2866564,2.177307,2.6317277
435,0.8868017,1.5393066,1.6427026,1.4190961,1.5059845,1.4566635,1.6279304,1.9443444,2.1173902,2.2797472,2.1735263,2.6251433
436,0.8828435,1.5311693,1.6365739,1.417431,1.502282,1.4511353,1.6200569,1.9380608,2.1081052,2.2715771,2.1605532,2.610568
437,0.87949324,1.5264369,1.631516,1.4133499,1.4965417,1.4463521,1.6177367,1.9270235,2.104864,2.2629719,2.158395,2.6068323
438,0.878337,1.520805,1.6257315,1.4034185,1.4907405,1.4341459,1.6093779,1.9164873,2.0983856,2.2473958,2.1515274,2.597881
439,0.87581635,1.5164131,1.6187723,1.4015632,1.4754033,1.4309846,1.6030519,1.9147124,2.0904326,2.2457204,2.1446295,2.588227
440,0.87309974,1.5099496,1.6024572,1.3975205,1.4725664,1.4267094,1.5954336,1.9047412,2.0832832,2.2307346,2.1317816,2.5748549
441,0.8661593,1.5010494,1.601023,1.390997,1.4664189,1.4195788,1.5792214,1.8990684,2.0722,2.2280953,2.120123,2.5692034
442,0.86282265,1.499289,1.5953009,1.3770192,1.4648968,1.4156779,1.5777007,1.8986218,2.0612338,2.2210162,2.115582,2.5626988
443,0.861044,1.493096,1.590913,1.3737559,1.4626784,1.4076775,1.568187,1.8856955,2.0523086,2.198432,2.112032,2.5565817
444,0.8569293,1.4889932,1.5821747,1.3627448,1.4559041,1.405458,1.5588098,1.8842993,2.0441577,2.1959088,2.1045427,2.5520241
445,0.8545899,1.4848148,1.5779437,1.3572632,1.4523436,1.3974887,1.5558697,1.8773248,2.0318704,2.1895018,2.0890038,2.5364473
446,0.8518199,1.4791298,1.5696845,1.3563335,1.444856,1.3935355,1.5457789,1.8645934,2.0298007,2.1841805,2.0822995,2.5260925
447,0.8467256,1.470042,1.5668002,1.3478916,1.4443355,1.3855653,1.5449243,1.8580359,2.025419,2.176931,2.0756812,2.5218728
448,0.84202504,1.4603455,1.557619,1.3447591,1.4379321,1.3810853,1.5364186,1.8442398,2.0225494,2.1582906,2.0739913,2.5145268
449,0.84140855,1.4565532,1.549102,1.3370097,1.4303803,1.3779652,1.5359007,1.8321775,2.006648,2.1520002,2.0576274,2.507121
450,0.8379229,1.4527236,1.545348,1.3355558,1.4268383,1.37291,1.5266343,1.8246287,2.0001237,2.1465838,2.0439804,2.4915404
451,0.8343488,1.4460572,1.5364369,1.3278992,1.41456,1.3667403,1.5237414,1.8217936,1.9967973,2.1415362,2.0399678,2.4836237
452,0.8309363,1.4431032,1.5328838,1.3231825,1.4093252,1.364514,1.5153111,1.813125,1.9868894,2.1296906,2.0366375,2.476077
453,0.8291459,1.4363327,1.5263281,1.3210083,1.401274,1.3591437,1.5101913,1.8094739,1.9848965,2.1184819,2.030163,2.471613
454,0.8222011,1.4331512,1.5214069,1.3114531,1.4002717,1.3482347,1.5033102,1.8040111,1.9789169,2.116979,2.0178761,2.4562693
455,0.8219817,1.4194777,1.5123055,1.3104234,1.3881239,1.3429514,1.4964924,1.7962724,1.9694247,2.1139956,2.008902,2.448153
456,0.81791514,1.4146382,1.5076804,1.3001541,1.3826857,1.3395952,1.4874793,1.7906003,1.9649509,2.0970092,2.0027096,2.437016
457,0.81142735,1.4131689,1.501677,1.2937537,1.3745472,1.331021,1.4791474,1.7839813,1.9541112,2.095502,1.9967995,2.4336152
458,0.81076735,1.4061269,1.4979457,1.2896321,1.3681172,1.3283395,1.4739121,1.7782515,1.9482243,2.082438,1.9964325,2.4283972
459,0.807578,1.4025664,1.4936609,1.288239,1.3651376,1.3223472,1.4708627,1.7749082,1.9358317,2.078631,1.9857129,2.4244258
460,0.806939,1.3961426,1.4926221,1.282814,1.3579042,1.3195298,1.4644861,1.7707723,1.9310703,2.073888,1.9761245,2.4214652
461,0.8019765,1.3931562,1.4857813,1.2717679,1.3540244,1.3145552,1.4610043,1.7642604,1.9247073,2.060436,1.9721376,2.4094224
462,0.7989704,1.3825699,1.4790531,1.269668,1.3503704,1.3117106,1.4559739,1.7593613,1.914513,2.059879,1.9658554,2.3948407
463,0.79578036,1.3750426,1.471042,1.2672306,1.3447564,1.3052545,1.447305,1.7566459,1.9023275,2.0510864,1.9573723,2.3854988
464,0.7929933,1.3709754,1.4690317,1.2629713,1.3410649,1.3010098,1.4391358,1.7450501,1.9003537,2.0311537,1.9368123,2.3785553
465,0.79193854,1.3635893,1.4617714,1.2590302,1.3379002,1.2942806,1.4303573,1.7409998,1.8933771,2.0249414,1.9336715,2.372881
466,0.78588814,1.3601433,1.452059,1.2551246,1.3356543,1.2895211,1.4266874,1.7337047,1.8840716,2.0189052,1.9305581,2.3628047
467,0.7848294,1.3578933,1.4416742,1.2507522,1.3181288,1.2837626,1.4242033,1.7288907,1.8718245,2.0133426,1.9173632,2.3510325
468,0.7779926,1.3503603,1.4379526,1.2439092,1.3170277,1.2694491,1.4234993,1.7155014,1.8677272,2.0074847,1.9082214,2.3493316
469,0.77613324,1.3481054,1.4345039,1.2351865,1.3097697,1.2591597,1.4147993,1.7094955,1.8598436,1.9909426,1.8979583,2.336281
470,0.7722239,1.3381351,1.4273744,1.2321023,1.3046207,1.25684,1.4110625,1.7070098,1.8532774,1.9823252,1.8818824,2.3342087
471,0.7677106,1.3360842,1.4238671,1.2267177,1.3004153,1.2547693,1.402069,1.7003455,1.8455842,1.9753351,1.8790429,2.316928
472,0.7663471,1.3284192,1.4142927,1.222665,1.2976042,1.2506652,1.3955865,1.6872343,1.842545,1.9705311,1.8745694,2.3127544
473,0.7642903,1.3240063,1.4124999,1.216204,1.2895839,1.2480581,1.3892963,1.6840141,1.8351605,1.9681326,1.8621503,2.3001635
474,0.7622806,1.3229251,1.4066266,1.2140374,1.2875998,1.2399535,1.3834858,1.6756979,1.829819,1.9506139,1.8552623,2.2975311
475,0.7609896,1.3105007,1.4046464,1.2109283,1.2847997,1.2347833,1.3786727,1.6650721,1.8222209,1.9440879,1.84532,2.2877252
476,0.75682545,1.3061389,1.3957413,1.2057067,1.2811592,1.2257851,1.3781062,1.6618478,1.8114201,1.935629,1.8401736,2.2776127
477,0.75127435,1.3036275,1.3913662,1.2039802,1.2742339,1.2180897,1.3678355,1.658532,1.8061155,1.9342885,1.8314625,2.265528
478,0.7466461,1.296391,1.385036,1.1980249,1.2690846,1.211078,1.3603394,1.6546187,1.8013363,1.9287326,1.8206673,2.2571337
479,0.7460649,1.2932948,1.3805728,1.1905782,1.2653522,1.2078673,1.3559636,1.642721,1.7911069,1.9156419,1.8065218,2.2420707
480,0.7408218,1.2890674,1.3753222,1.1810544,1.2592784,1.2056319,1.3461653,1.6362555,1.7883288,1.912209,1.8059689,2.2366493
481,0.7387088,1.2836852,1.3675929,1.1767236,1.2535486,1.2012765,1.344418,1.6273202,1.7788485,1.8978232,1.7929294,2.2192872
482,0.7355369,1.2720628,1.3613031,1.1741306,1.2442663,1.1963093,1.3396183,1.6159873,1.7713251,1.8949778,1.785323,2.2139106
483,0.7336386,1.2686766,1.350052,1.1651894,1.238828,1.1914675,1.3354402,1.6110846,1.7551918,1.8818657,1.7842611,2.20773
484,0.7276045,1.2630452,1.3450782,1.1585802,1.235808,1.1858896,1.3278278,1.6036053,1.7506312,1.8765773,1.7707076,2.203365
485,0.72359455,1.2564777,1.3417209,1.1559644,1.2308109,1.1758217,1.3223302,1.5959698,1.7487701,1.8727671,1.7583679,2.1978714
486,0.7175497,1.2461224,1.3364531,1.1476437,1.2276535,1.1723007,1.3215017,1.5900964,1.735902,1.8630341,1.7463534,2.1868036
487,0.714326,1.2415334,1.3312564,1.1438594,1.2227701,1.1689028,1.3156335,1.587035,1.7337503,1.8530458,1.7412734,2.1807852
488,0.71383876,1.2393875,1.3237606,1.139188,1.2178541,1.1657423,1.3103677,1.578196,1.7287829,1.8459182,1.7327577,2.171925
489,0.7088115,1.2306159,1.3200387,1.1333997,1.2085208,1.1649127,1.3037374,1.5674193,1.7272766,1.8369489,1.7263432,2.1688938
490,0.7084675,1.229684,1.316701,1.1316866,1.1999743,1.1586426,1.2935015,1.5650558,1.71546,1.8260611,1.7235003,2.154227
491,0.70339864,1.2248124,1.3096893,1.1279987,1.1917362,1.1535223,1.2898077,1.5594176,1.7071959,1.8217071,1.7129711,2.1476994
492,0.70111966,1.217139,1.3013372,1.1237558,1.1906548,1.1511701,1.283714,1.5587003,1.7018666,1.8129485,1.705064,2.135979
493,0.69925416,1.210048,1.2971578,1.1202323,1.1876959,1.1416502,1.2790089,1.5387486,1.6951884,1.8104713,1.697695,2.1301856
494,0.6939728,1.2066094,1.2901142,1.1084694,1.1826315,1.1386418,1.2737832,1.5345649,1.6922,1.8024672,1.6929032,2.1247835
495,0.6905831,1.2004446,1.2820194,1.1075642,1.1745336,1.134054,1.2686893,1.5257431,1.684629,1.7941624,1.6835251,2.1078157
496,0.68731594,1.1936377,1.2786405,1.1055036,1.1725681,1.1312104,1.2597879,1.5228001,1.6686838,1.7859172,1.6747004,2.1058815
497,0.68595916,1.1917199,1.270069,1.1000849,1.1658638,1.1231384,1.2563808,1.5172111,1.6673663,1.7774855,1.6633692,2.0851567
498,0.6821118,1.1848601,1.2633097,1.0924234,1.1496705,1.1177547,1.2463093,1.5095176,1.6631825,1.771158,1.6593251,2.0796542
499,0.6765889,1.1828666,1.2594544,1.087704,1.1468748,1.1137099,1.2444519,1.5073246,1.6561801,1.7646395,1.6475688,2.0741575
500,0.6709402,1.1712736,1.2560996,1.0834594,1.1453568,1.1080153,1.2422371,1.4989936,1.6462704,1.7597138,1.6432338,2.0661843
501,0.6682352,1.1701481,1.2472707,1.0812062,1.1409097,1.1035537,1.223241,1.4940957,1.645619,1.7472409,1.6363213,2.0574365
502,0.6655922,1.1652646,1.2438543,1.0715239,1.1354374,1.1009216,1.2157431,1.4899795,1.6374242,1.7366966,1.6160542,2.0460882
503,0.6614306,1.162573,1.2432014,1.0696275,1.1299932,1.0954047,1.2147682,1.4827265,1.629697,1.7285519,1.6103806,2.0372264
504,0.65884924,1.1580884,1.2360674,1.060559,1.1267527,1.0855198,1.2117363,1.4697219,1.6262139,1.7181214,1.6089741,2.0295193
505,0.657143,1.1495672,1.225334,1.0583034,1.1187769,1.0810641,1.2087072,1.4668338,1.6154705,1.7150592,1.6061454,2.0262501
506,0.653549,1.1444626,1.219941,1.0480584,1.1144801,1.0798019,1.2031955,1.4621392,1.6048111,1.7011867,1.5972904,2.0164478
507,0.65061873,1.1395447,1.2181847,1.0450026,1.1113662,1.0742598,1.200883,1.4531704,1.598449,1.6951975,1.5858365,2.0095804
508,0.64732856,1.1353511,1.2123929,1.0423144,1.1050314,1.0727515,1.1948507,1.4525867,1.5922898,1.6876476,1.5819707,2.0012114
509,0.6454368,1.1240122,1.2032775,1.036638,1.1012453,1.0662802,1.1908555,1.4405959,1.580919,1.6861368,1.5729822,1.9927808
510,0.64142364,1.1129959,1.2021723,1.0296144,1.0973399,1.0561366,1.1803806,1.439024,1.5671535,1.6812133,1.5665123,1.9846718
511,0.64081085,1.1108977,1.1950727,1.0260638,1.0863135,1.0523622,1.1693617,1.4275804,1.5612891,1.6667973,1.5588796,1.9769197
512,0.63502103,1.1077594,1.1902179,1.0238079,1.0833083,1.0438721,1.1642438,1.4247524,1.55974,1.6645547,1.5526702,1.9666206
513,0.6335479,1.1035473,1.1865128,1.02008,1.0790927,1.0411758,1.1572655,1.4180346,1.547176,1.6594368,1.5478721,1.9610052
514,0.6311336,1.1010244,1.1820613,1.0172709,1.0737889,1.0339123,1.1527289,1.4156393,1.5426778,1.6458656,1.5376103,1.9479883
515,0.6279491,1.0962785,1.1790065,1.015056,1.0703399,1.0308945,1.1465205,1.4069898,1.5383992,1.6337427,1.5344193,1.9420496
516,0.6260976,1.0905964,1.1737975,1.0052449,1.0625513,1.025213,1.1448975,1.3987333,1.5300988,1.6236049,1.517578,1.9361217
517,0.6211376,1.0847665,1.1629057,1.001041,1.0552665,1.0247415,1.1398102,1.3878155,1.5252719,1.6157043,1.5096496,1.9227707
518,0.6167312,1.0754864,1.1617293,0.99818736,1.0533347,1.0196705,1.1299335,1.3829868,1.5133345,1.6114559,1.5072203,1.919632
519,0.61583537,1.0704076,1.1602529,0.99555874,1.0485729,1.0151885,1.1250618,1.3778422,1.5050436,1.6065755,1.4968827,1.913495
520,0.61470187,1.0658625,1.1488934,0.98771703,1.0347632,1.0106099,1.1242313,1.3678199,1.5009012,1.5970691,1.4950974,1.9022418
521,0.6118564,1.0598184,1.1411054,0.9850358,1.0314176,1.0004693,1.1179556,1.3650435,1.4955479,1.5873272,1.4902298,1.8889648
522,0.6088749,1.0506355,1.1340685,0.98175615,1.027725,0.99195725,1.1133054,1.3569021,1.4833586,1.5846859,1.4822956,1.8841392
523,0.6056827,1.0463424,1.122939,0.97707146,1.0238198,0.9872334,1.1093092,1.3552536,1.476323,1.5789866,1.4776702,1.8795484
524,0.6013715,1.040689,1.1189398,0.97138107,1.0208652,0.98006344,1.0987271,1.3504475,1.4690162,1.5710404,1.4585649,1.8698062
525,0.5984618,1.0392777,1.117484,0.9646164,1.0117781,0.97683525,1.0941015,1.3441743,1.4623113,1.5665232,1.4545085,1.8669214
526,0.593333,1.0321894,1.1080768,0.96428543,1.004993,0.97429293,1.0866019,1.3374144,1.4511894,1.54981,1.4471347,1.8647184
527,0.592275,1.0252621,1.1076478,0.95408666,0.9989563,0.96584237,1.0778897,1.3290037,1.4495978,1.5452545,1.4397181,1.8517135
528,0.5906508,1.0216765,1.1030924,0.9511616,0.99578536,0.9627699,1.0755014,1.3164892,1.4427313,1.5406396,1.4357868,1.8427303
529,0.58754086,1.0168297,1.1009736,0.94673204,0.9924529,0.95786846,1.0711567,1.3131084,1.439375,1.5320876,1.4314253,1.8339851
530,0.5847591,1.0096642,1.0945344,0.9435561,0.9837146,0.94852203,1.0684037,1.3065565,1.430834,1.5209314,1.4222873,1.8232672
531,0.5801158,1.007614,1.0867366,0.93676335,0.98257047,0.94330084,1.0638667,1.3024105,1.4243946,1.5154084,1.4132209,1.8093702
532,0.5792674,1.0023106,1.0836006,0.9335037,0.9776065,0.94156826,1.0563025,1.2960198,1.4203241,1.5073515,1.410384,1.8045919
533,0.5726784,0.99261224,1.0753095,0.92852926,0.97415173,0.93511546,1.0511156,1.2883347,1.4085367,1.5051184,1.3997684,1.8027943
534,0.5710334,0.9876317,1.0688286,0.9220884,0.9718974,0.93201834,1.046709,1.2806091,1.4055015,1.4989356,1.3944331,1.7859674
535,0.56999534,0.9860953,1.0606021,0.9207973,0.9682613,0.92516327,1.0391303,1.2767388,1.391761,1.4904484,1.384225,1.780701
536,0.5686938,0.97933036,1.0568136,0.91397285,0.9572893,0.9233815,1.0343211,1.2718321,1.3898298,1.4879593,1.3798596,1.7746706
537,0.56220853,0.97092557,1.0535467,0.9121856,0.9536803,0.9166213,1.0242962,1.2634404,1.3789937,1.4766101,1.37328,1.7705897
538,0.5555973,0.96894526,1.0440528,0.9058991,0.95233,0.91160184,1.0219693,1.2568356,1.3746886,1.4713176,1.3652582,1.7576421
539,0.5550899,0.9659259,1.035824,0.894588,0.9411413,0.9087809,1.0125096,1.2523794,1.3632858,1.4513322,1.3636155,1.7530595
540,0.5522728,0.9550375,1.033747,0.889623,0.93379676,0.90596956,1.0094789,1.2432599,1.3612075,1.4481359,1.3457531,1.741145
541,0.54901767,0.94848675,1.026132,0.88576996,0.92671126,0.89841866,1.0009946,1.2351917,1.3546431,1.442047,1.3418953,1.7272675
542,0.54625124,0.9413789,1.0233305,0.88356256,0.92392397,0.8925974,0.9975711,1.2253027,1.3493927,1.4402441,1.3356953,1.7237997
543,0.54196584,0.9392216,1.0205144,0.88077366,0.9198256,0.8896635,0.99590987,1.2220919,1.3425912,1.4331394,1.3244499,1.7143135
544,0.53975755,0.93226945,1.0175061,0.8718696,0.9157162,0.8857026,0.9916788,1.2145476,1.3385221,1.4199909,1.318592,1.7099937
545,0.53774625,0.93027043,1.009011,0.8684817,0.9083635,0.8806147,0.981349,1.2138171,1.3310477,1.4174745,1.3147566,1.7055495
546,0.5334878,0.9242972,1.0073727,0.8662096,0.90454835,0.87323093,0.97549844,1.2022434,1.3132296,1.411777,1.301717,1.6932286
547,0.53012747,0.9130889,1.0015296,0.8603394,0.90036505,0.8657229,0.9713221,1.1982472,1.3114879,1.3940135,1.2973561,1.6903946
548,0.5223337,0.90938854,0.99743146,0.85879725,0.8941644,0.8635082,0.9681923,1.1924572,1.2998165,1.3906164,1.2860727,1.6719788
549,0.52166903,0.9077335,0.9921654,0.8550467,0.889899,0.8574231,0.96584576,1.1901635,1.2954357,1.388569,1.2808686,1.6678005
550,0.5201578,0.9026568,0.9892459,0.8483717,0.8833993,0.85358155,0.9636941,1.1770397,1.2813586,1.3770283,1.2750278,1.6635675
551,0.5184814,0.896846,0.9847347,0.8446148,0.88195145,0.84875524,0.95274127,1.1679145,1.2804799,1.3747374,1.2681175,1.6523081
552,0.5173164,0.89420223,0.9763643,0.8382605,0.87542456,0.8443647,0.94854337,1.1628697,1.2734889,1.3586761,1.2639002,1.6506497
553,0.5136806,0.88942033,0.9675748,0.83310753,0.8678058,0.8435973,0.9401777,1.1572024,1.2611827,1.3561778,1.257548,1.6396822
554,0.511489,0.88337594,0.9629705,0.8304772,0.86420417,0.8413175,0.9363455,1.1518155,1.2547336,1.3458662,1.2561753,1.6250657
555,0.5081314,0.8815552,0.95581925,0.82035744,0.86149675,0.8315879,0.93525434,1.1470633,1.2447408,1.3359205,1.250315,1.6138616
556,0.5050667,0.8742535,0.95504725,0.81744045,0.8548466,0.8305019,0.92061555,1.1424552,1.2427943,1.3273615,1.234099,1.6118174
557,0.50239635,0.86835295,0.95048845,0.8125945,0.84998935,0.8169737,0.9175329,1.1410025,1.2372392,1.3216488,1.2260079,1.601447
558,0.5000957,0.8646947,0.9489913,0.8064154,0.8462679,0.816488,0.91300696,1.1316061,1.2318994,1.3134593,1.2205374,1.5935886
559,0.49699908,0.86416274,0.94582707,0.80236363,0.8414974,0.8145703,0.9038235,1.1285374,1.2243072,1.3083172,1.2160122,1.5886939
560,0.49317518,0.8544471,0.93758565,0.79958564,0.8412702,0.81007165,0.898396,1.120233,1.2129629,1.3037467,1.2099047,1.578025
561,0.491082,0.8521119,0.93104184,0.7971857,0.8374326,0.80498296,0.89462566,1.1160297,1.2029274,1.3002446,1.2018358,1.5691451
562,0.48676875,0.8464176,0.9295663,0.7919939,0.8351808,0.7996832,0.88689554,1.112165,1.2005694,1.2854793,1.1881018,1.5656999
563,0.48655415,0.8455042,0.9268647,0.78818405,0.82716304,0.7987929,0.883799,1.1026622,1.1910226,1.2772772,1.186237,1.5467677
564,0.4833767,0.8399484,0.9182072,0.78581434,0.8238017,0.79656756,0.8831437,1.099499,1.1877413,1.268805,1.1736035,1.5466583
565,0.4808392,0.83913577,0.91288006,0.78228235,0.8187535,0.79047996,0.87971187,1.0906208,1.1777233,1.2635413,1.1644627,1.5431205
566,0.47737607,0.8303689,0.90905493,0.775922,0.8135354,0.7851731,0.8752599,1.0850978,1.1699291,1.2615904,1.1629336,1.5367867
567,0.47224653,0.8219679,0.90561825,0.773793,0.80628234,0.7799945,0.8706043,1.0779042,1.1634979,1.256441,1.1554971,1.5305227
568,0.47090882,0.8191891,0.90029883,0.7691224,0.80291736,0.7765635,0.86720914,1.0739365,1.1595253,1.249462,1.148981,1.5142232
569,0.46745792,0.81838644,0.89369875,0.76626503,0.801595,0.76971436,0.8614989,1.070686,1.1532794,1.2388903,1.1485846,1.506739
570,0.46443424,0.8143236,0.89071923,0.7592373,0.7988531,0.76489997,0.85627043,1.0564923,1.1504124,1.2346265,1.1434233,1.5053802
571,0.46227247,0.8030512,0.88806415,0.7546463,0.7948983,0.7633307,0.8472519,1.04827,1.1475406,1.2292775,1.1321868,1.4988489
572,0.45896792,0.797587,0.88119656,0.74728113,0.78588915,0.75845325,0.841257,1.0421213,1.136594,1.2133516,1.1277637,1.4944353
573,0.45585245,0.7900464,0.8737257,0.74543065,0.78114146,0.75741005,0.8354528,1.0317482,1.130812,1.2059624,1.1215371,1.4761686
574,0.4554047,0.7845568,0.86806047,0.74174607,0.7767179,0.7494298,0.8329512,1.025256,1.1228274,1.1960697,1.1178607,1.4719888
575,0.44944954,0.7798444,0.8616273,0.7365023,0.7655028,0.7468758,0.8280148,1.0193241,1.1158974,1.1872169,1.1031162,1.4609616
576,0.44344476,0.7754806,0.8569401,0.73463637,0.7642008,0.7429666,0.8220467,1.0183058,1.1105148,1.1808621,1.1011747,1.4520476
577,0.44292527,0.7732811,0.8525735,0.7333089,0.75705284,0.73931646,0.81887287,1.0095195,1.105432,1.1730561,1.0861585,1.4449548
578,0.43968815,0.76981276,0.85089034,0.7257793,0.7552943,0.7362428,0.81216705,1.0033413,1.0996299,1.1714019,1.0836649,1.4366181
579,0.43846557,0.7627514,0.8435504,0.719348,0.75211716,0.7252929,0.81071514,1.0008565,1.0974138,1.1669781,1.0727816,1.4251717
580,0.4367809,0.75094163,0.83911717,0.7154068,0.74647045,0.7203664,0.8053136,0.9928687,1.0900809,1.156947,1.0651987,1.418217
581,0.4345356,0.7487944,0.83080506,0.71116084,0.73965853,0.7184143,0.8015631,0.99169767,1.0838032,1.1509545,1.0613933,1.4072402
582,0.43046644,0.7463471,0.8256419,0.7008303,0.7351009,0.7165508,0.7941177,0.9828725,1.0788484,1.1421292,1.0515163,1.4034514
583,0.42683592,0.73996425,0.8250327,0.69723356,0.7295629,0.7060844,0.78836614,0.97814375,1.0711234,1.1366917,1.0462602,1.393861
584,0.4247356,0.7370403,0.81944746,0.692736,0.71866375,0.6996936,0.78509104,0.97190183,1.0656642,1.131193,1.0389539,1.38637
585,0.42061892,0.73653907,0.8133609,0.6905953,0.716612,0.6956657,0.7769775,0.9619229,1.0598843,1.1258419,1.0277529,1.3813401
586,0.41658908,0.73330903,0.8068462,0.68731076,0.71640986,0.6951018,0.7710063,0.9597444,1.0563054,1.1146483,1.0241637,1.3704461
587,0.41268036,0.7260556,0.79694545,0.6801929,0.70719475,0.69159764,0.7677192,0.95775217,1.054324,1.108459,1.0235506,1.3640399
588,0.4087741,0.72161716,0.7954543,0.6773679,0.70517206,0.6873948,0.76236945,0.9500177,1.0384039,1.1030103,1.015014,1.3583266
589,0.4067036,0.7160253,0.78849393,0.6736764,0.6999391,0.68273497,0.75854725,0.94405586,1.0324562,1.1003748,1.0075458,1.3384954
590,0.40463784,0.713147,0.7852341,0.66951424,0.69531906,0.6792106,0.7542614,0.93796664,1.0253274,1.0894482,1.000283,1.3339947
591,0.40321898,0.7065038,0.78303057,0.6622364,0.6896865,0.6790899,0.74360293,0.9314499,1.0203102,1.0847193,0.99381346,1.3271104
592,0.40060925,0.70409054,0.7779843,0.6592187,0.6876041,0.66873294,0.7432655,0.9243388,1.0137192,1.080667,0.98468715,1.3181775
593,0.39806724,0.6959509,0.76971525,0.6513635,0.68551224,0.66509086,0.7365517,0.91980994,1.0070086,1.0660164,0.974774,1.3117684
594,0.3944291,0.69519466,0.76321375,0.6491632,0.6815928,0.66291076,0.73277277,0.9179631,1.0043281,1.0608143,0.9677657,1.3055017
595,0.39203855,0.68620306,0.75828636,0.64396644,0.6789746,0.6603734,0.7257777,0.9086457,0.99348617,1.0558388,0.96127963,1.2966418
596,0.39065295,0.67985976,0.7535627,0.6379132,0.67136997,0.6527217,0.72178113,0.9032648,0.9884632,1.0536535,0.9510414,1.290867
597,0.38676566,0.67653006,0.7506966,0.6366264,0.6611612,0.644891,0.7199919,0.89892626,0.9813931,1.0360267,0.9493234,1.2816505
598,0.3845062,0.6736097,0.7389814,0.63149345,0.660119,0.6424769,0.71293366,0.8943352,0.97574127,1.0326362,0.94350183,1.2809607
599,0.38032678,0.66997606,0.73649925,0.62825495,0.653748,0.6360451,0.71193045,0.8867992,0.96094495,1.021602,0.9337053,1.2656902
600,0.37879327,0.6654327,0.7287638,0.6225561,0.64959455,0.6343824,0.7055677,0.8775499,0.9599553,1.0174478,0.92908657,1.2518976
601,0.37742755,0.65810305,0.7250816,0.621643,0.64746374,0.6293258,0.7041393,0.8714342,0.9549884,1.016554,0.9207791,1.2454926
602,0.37596858,0.6553329,0.72021955,0.61490595,0.6451703,0.6238489,0.6970604,0.8639713,0.9446803,1.004798,0.913763,1.2425348
603,0.37419322,0.6495433,0.7169027,0.61374,0.6434092,0.6199585,0.6910303,0.86197376,0.94121057,1.0019599,0.9114756,1.2262481
604,0.37204847,0.6475666,0.7139431,0.60928,0.64108807,0.61909395,0.6848124,0.8554586,0.93679667,0.98686415,0.90310884,1.2219493
605,0.36907268,0.6422732,0.7109868,0.60363424,0.6362516,0.61599785,0.67996126,0.8499617,0.92964566,0.9810123,0.89584965,1.2194557
606,0.36339363,0.64049256,0.70851135,0.60112566,0.62902164,0.6115913,0.6786057,0.8406872,0.9257828,0.97377414,0.8844326,1.210618
607,0.35992908,0.6324508,0.698354,0.5943366,0.62688214,0.6094715,0.67375106,0.83417594,0.9179623,0.96749884,0.8805701,1.2045089
608,0.35905015,0.62725776,0.6889154,0.5925778,0.62280047,0.5960325,0.6704009,0.8290478,0.9108181,0.9590726,0.87427956,1.189686
609,0.35444748,0.62505865,0.68619376,0.5878667,0.6163486,0.5934972,0.6658722,0.82592463,0.9082839,0.95715,0.8660867,1.1840535
610,0.3509663,0.6193619,0.6847238,0.58543986,0.6128323,0.5914974,0.65814686,0.82192004,0.9003175,0.9465585,0.85870355,1.1647187
611,0.34957483,0.6151864,0.6770597,0.5810675,0.6063379,0.5898694,0.65133566,0.814316,0.8934327,0.94360405,0.85538286,1.158843
612,0.3481118,0.61265624,0.67436385,0.5738913,0.600145,0.5875384,0.64433926,0.8089556,0.8853785,0.93765885,0.8523557,1.1480023
613,0.34565973,0.60645103,0.66637325,0.5731605,0.59815896,0.58061,0.6398778,0.80207247,0.87953055,0.93339187,0.84588706,1.1429962
614,0.34097093,0.6017676,0.6637862,0.56480455,0.5949603,0.5790266,0.636257,0.7984167,0.87370956,0.921244,0.8400759,1.1321805
615,0.33883682,0.59978074,0.658241,0.56102586,0.5929634,0.57710266,0.6318358,0.7884696,0.86577713,0.91097575,0.8334556,1.1280144
616,0.33804205,0.5941117,0.65626585,0.55609226,0.58925754,0.5706083,0.6301674,0.78371793,0.8592866,0.90992975,0.8272805,1.1221008
617,0.33375406,0.59049314,0.650088,0.55127287,0.5871636,0.5652999,0.62551177,0.78178054,0.8547285,0.9001742,0.82163763,1.1197748
618,0.33056435,0.5852523,0.6454403,0.5493026,0.58054566,0.5632144,0.6215053,0.78007627,0.8455485,0.8953285,0.81567556,1.1024926
619,0.3292452,0.58086175,0.64324087,0.5412233,0.57144976,0.56218547,0.61736625,0.7679154,0.83242303,0.8937521,0.808595,1.0967411
620,0.3282512,0.57324976,0.63425887,0.53852355,0.5689547,0.5569787,0.61482203,0.76271915,0.8289782,0.88854384,0.80040306,1.095355
621,0.32515538,0.57040906,0.6314544,0.5358373,0.5644954,0.55396503,0.6042801,0.749726,0.825285,0.87746066,0.7954923,1.0833658
622,0.3223702,0.56793964,0.6259061,0.53298455,0.563643,0.5518309,0.60008514,0.7487149,0.8234527,0.87127244,0.788127,1.0780413
623,0.31835446,0.56462526,0.6235715,0.52670217,0.5577623,0.5439074,0.59837544,0.7418699,0.8099172,0.8624736,0.78376627,1.0703167
624,0.31555635,0.55742997,0.6171599,0.52206784,0.5551274,0.5383982,0.59199977,0.7354747,0.8043097,0.8553763,0.7714175,1.0648894
625,0.31259587,0.55538255,0.6165671,0.5204002,0.55254966,0.5349017,0.5896016,0.7336165,0.7963904,0.8520518,0.7685501,1.0532695
626,0.30928662,0.5524016,0.61300945,0.5136468,0.5463042,0.52553827,0.5830182,0.7285842,0.7916619,0.84583193,0.75747836,1.0478891
627,0.30869314,0.5482433,0.6059729,0.50791067,0.54305375,0.5180156,0.57840097,0.7247433,0.78358465,0.8408344,0.75579596,1.0400732
628,0.30359137,0.54010254,0.6036785,0.50672317,0.54083663,0.5123438,0.5760318,0.71703523,0.7777324,0.8326592,0.74661535,1.035029
629,0.30191863,0.53621566,0.5927048,0.50481844,0.53861964,0.5099124,0.5709758,0.7080961,0.7771204,0.8289472,0.74335766,1.0319533
630,0.2999559,0.53060335,0.5898631,0.49906677,0.5320335,0.5090677,0.5630262,0.70542586,0.7655565,0.815894,0.7352583,1.0169358
631,0.2980486,0.5287293,0.5814862,0.49603406,0.52788335,0.5051443,0.5620433,0.6997116,0.75829935,0.81384706,0.72935987,1.0104673
632,0.29541558,0.5244346,0.5813972,0.49208954,0.52228284,0.49747914,0.5565385,0.6953114,0.7538019,0.8107422,0.71651053,0.9997604
633,0.29398006,0.5233504,0.5799374,0.48843747,0.51680034,0.4952195,0.554015,0.6898085,0.7515734,0.8075147,0.7151466,0.9982007
634,0.291667,0.5160105,0.57281494,0.48253506,0.51561767,0.4932819,0.55158895,0.68541706,0.74383944,0.80112153,0.70973146,0.9920959
635,0.28702742,0.5130794,0.56996804,0.47970212,0.50703645,0.48466855,0.54400915,0.68019533,0.72906613,0.7905014,0.70718926,0.98830444
636,0.28428817,0.51178044,0.5633727,0.47850353,0.5056444,0.48197672,0.54089636,0.6798752,0.7243078,0.7818683,0.70124245,0.97608393
637,0.28313562,0.5029469,0.5568562,0.4717652,0.50198907,0.4801745,0.5362115,0.6692072,0.720102,0.780322,0.6934213,0.95965534
638,0.28167278,0.5008858,0.55328774,0.4704121,0.49498668,0.47602582,0.5289111,0.66492283,0.7177967,0.76615924,0.6837412,0.9540608
639,0.2798494,0.4942539,0.55064356,0.46731517,0.48977405,0.47422352,0.52529955,0.64987934,0.714046,0.762336,0.6818767,0.9476029
640,0.27946916,0.48965785,0.53874654,0.46300438,0.48842284,0.47055525,0.5206162,0.64259917,0.7122697,0.7547253,0.67418903,0.9428397
641,0.27421457,0.4844602,0.5379773,0.45657697,0.48560813,0.46547094,0.5164925,0.6404329,0.7031189,0.7484547,0.6710852,0.93417555
642,0.27388385,0.4818842,0.5342245,0.45626932,0.48115078,0.45946997,0.50959957,0.63349426,0.6983151,0.74127316,0.6624653,0.92345244
643,0.26878414,0.4769479,0.52750075,0.4494609,0.47560713,0.45778686,0.5013787,0.63190436,0.6942184,0.73909104,0.6565038,0.9161303
644,0.2664117,0.468972,0.5244361,0.44723004,0.46428174,0.45576316,0.5003773,0.62203664,0.6873944,0.7255713,0.6477986,0.91047657
645,0.26337162,0.46667653,0.51670575,0.4453409,0.4615912,0.4539572,0.49008062,0.62063617,0.6815334,0.72365373,0.6426761,0.90038514
646,0.2623751,0.46419787,0.51489645,0.43877026,0.4561181,0.4447902,0.4849398,0.61386347,0.6722809,0.7189911,0.639246,0.8890294
647,0.26015702,0.46173754,0.5122352,0.43465257,0.45203915,0.44385394,0.4838166,0.61264604,0.6713754,0.708165,0.632412,0.88515913
648,0.25790715,0.45872164,0.5074886,0.4325007,0.44973743,0.442427,0.4790932,0.6037346,0.66628474,0.7053246,0.6312638,0.8802667
649,0.25074574,0.454273,0.503413,0.4285635,0.44560316,0.4366256,0.47513643,0.6018466,0.65790486,0.6986528,0.614725,0.87065893
650,0.25026414,0.44914514,0.49909547,0.42694196,0.44231007,0.4311433,0.4718498,0.5950599,0.65351224,0.692852,0.6105169,0.85994303
651,0.24559845,0.44272447,0.4947792,0.41776118,0.4386,0.42774734,0.4673969,0.5938223,0.6431573,0.6896506,0.60524,0.8545148
652,0.24448821,0.4354312,0.489939,0.4167771,0.43571672,0.4242514,0.4666528,0.5924976,0.6361907,0.686126,0.5996012,0.84313697
653,0.24182415,0.43166196,0.48809987,0.4137688,0.42753682,0.41895324,0.46139842,0.58173096,0.6236476,0.67931,0.5944648,0.8307774
654,0.23885794,0.4296395,0.4832786,0.40683874,0.4251217,0.41514093,0.45411825,0.5724914,0.6160269,0.66862303,0.5904379,0.82861793
655,0.23673645,0.42353025,0.47963843,0.40184468,0.4182028,0.4127276,0.4482876,0.57125026,0.6138143,0.6662948,0.59012467,0.8179082
656,0.23434743,0.41952023,0.47288033,0.39896864,0.41590273,0.4071892,0.44609252,0.5674754,0.6016489,0.65917003,0.5840137,0.80856663
657,0.23064104,0.41399804,0.46802217,0.3954862,0.41247654,0.40575173,0.4412657,0.555475,0.6008379,0.6511829,0.5731227,0.8057547
658,0.22901927,0.41055402,0.46224675,0.39144123,0.40932462,0.3990593,0.4333731,0.55269617,0.59939754,0.644727,0.5690197,0.79822797
659,0.22614902,0.4038714,0.4607584,0.3858632,0.40627694,0.39528853,0.43195957,0.5452095,0.5885084,0.63626564,0.5607242,0.79178077
660,0.22470811,0.3977745,0.4443476,0.3819334,0.40180957,0.38953173,0.42312226,0.54170895,0.5857141,0.62669265,0.5581002,0.78543955
661,0.22255953,0.3967539,0.44386813,0.37934327,0.3995177,0.38820666,0.42143473,0.5364749,0.57548386,0.6188141,0.55469626,0.7713079
662,0.22179565,0.39116505,0.44151574,0.3771618,0.39398542,0.38449782,0.4156136,0.53066033,0.57260454,0.6099127,0.5492316,0.7591395
663,0.21839851,0.3879379,0.4342671,0.3738917,0.38897517,0.3794378,0.4135086,0.5229472,0.5678824,0.60795057,0.5399861,0.75318146
664,0.21607004,0.3819598,0.42708248,0.37030974,0.3818566,0.37610823,0.41104773,0.51996475,0.5612501,0.6049327,0.5374514,0.7489424
665,0.21243732,0.3758887,0.42449483,0.36372226,0.38059598,0.37034443,0.40688008,0.5179384,0.55599225,0.6002937,0.53320163,0.7472162
666,0.21083987,0.3703421,0.41598517,0.3581995,0.3760853,0.3702399,0.40065846,0.51491785,0.5504305,0.59382105,0.5278191,0.7331732
667,0.21016146,0.3691589,0.41388443,0.35447717,0.37210277,0.36646095,0.4003109,0.50657386,0.5435005,0.58813757,0.521788,0.7233353
668,0.20690878,0.36412263,0.41061684,0.3530115,0.3684635,0.36189798,0.39456913,0.5042474,0.5377239,0.57797676,0.5153897,0.7225647
669,0.2042077,0.35855237,0.4038843,0.3501271,0.3650601,0.35962006,0.39032573,0.49162495,0.5289036,0.5758511,0.5113166,0.7112265
670,0.20204076,0.3574884,0.4008605,0.3473569,0.36253634,0.35417554,0.38321385,0.49008086,0.52091396,0.5702022,0.5031887,0.7101282
671,0.19947112,0.35285354,0.39307645,0.3390607,0.3592546,0.35103843,0.38039887,0.48201776,0.5175411,0.56239635,0.4995214,0.6976111
672,0.19753629,0.35155794,0.38861573,0.33076245,0.35448003,0.34264338,0.37344724,0.4793098,0.51334286,0.5563917,0.4966488,0.69219935
673,0.194241,0.349657,0.3847893,0.3304516,0.35035455,0.33813524,0.3690231,0.46780306,0.5033474,0.55028415,0.4899134,0.6794246
674,0.19168912,0.34312627,0.37983063,0.32610577,0.34724388,0.334619,0.36522427,0.46525553,0.49635604,0.5429688,0.4863733,0.67075044
675,0.1871106,0.3399584,0.37634537,0.32359308,0.34212238,0.32838377,0.3643271,0.4548853,0.4923065,0.53566563,0.47698483,0.6685007
676,0.18612966,0.33703697,0.36763003,0.32103187,0.33838668,0.32710126,0.35814074,0.45282504,0.48699617,0.52697647,0.47498727,0.6606357
677,0.18384276,0.3317201,0.36446905,0.3192525,0.3361086,0.3242266,0.3560553,0.44789875,0.48240095,0.52380323,0.4676759,0.6508253
678,0.18348755,0.32624593,0.36385396,0.31676832,0.33484948,0.3222114,0.35456064,0.4409844,0.4739996,0.5203157,0.462375,0.6414176
679,0.180314,0.32397303,0.35424975,0.31568006,0.3295313,0.3180358,0.35020688,0.4367018,0.4700539,0.51136965,0.4507306,0.6304938
680,0.17720848,0.318474,0.35285878,0.30925268,0.32527393,0.3152397,0.34524646,0.43315214,0.46454254,0.4997981,0.44759333,0.62528056
681,0.17564918,0.3140267,0.3501408,0.30437002,0.3206024,0.31126016,0.343293,0.42948312,0.45808497,0.49017075,0.44473994,0.6211445
682,0.17133911,0.30984506,0.34454617,0.30235684,0.31652468,0.3073448,0.33746308,0.4245534,0.45573136,0.48683774,0.43971577,0.6140525
683,0.17078124,0.30884254,0.33985627,0.2999839,0.30708504,0.29948363,0.33314872,0.4206561,0.44787124,0.47848412,0.4306028,0.6026212
684,0.16987525,0.30243713,0.3389574,0.29588732,0.3043152,0.2980465,0.3290957,0.41608742,0.44295192,0.47178292,0.42513582,0.60194343
685,0.16861326,0.29633564,0.33510453,0.29444647,0.29810432,0.29591924,0.3261774,0.40983182,0.43943664,0.46705356,0.41763747,0.59519124
686,0.16659318,0.29579893,0.32770365,0.2921525,0.29558212,0.29122764,0.31937394,0.40558982,0.43087325,0.46493647,0.41485366,0.5797963
687,0.16189098,0.29211363,0.32599786,0.28334785,0.29266253,0.28983968,0.31645706,0.39581788,0.42677933,0.4550839,0.41025567,0.57461184
688,0.1607516,0.28828108,0.32156917,0.27753887,0.286379,0.2803739,0.31375954,0.39424354,0.41766405,0.45170224,0.40647683,0.56391615
689,0.15702789,0.2869997,0.31910777,0.27008304,0.27840856,0.27834582,0.3109217,0.39127278,0.41547844,0.44382378,0.39697656,0.553564
690,0.15576042,0.2843845,0.3152437,0.26713794,0.27412614,0.27610403,0.30867139,0.3841254,0.41197458,0.44262692,0.39065865,0.5501553
691,0.15266964,0.28173947,0.31368092,0.2645524,0.2711549,0.2695198,0.30315545,0.38182148,0.40761158,0.4346839,0.385508,0.5401522
692,0.15104228,0.2771094,0.3048825,0.26389566,0.26661995,0.26657054,0.29766527,0.3768563,0.39671215,0.4278664,0.37934852,0.53364474
693,0.14872304,0.27052328,0.29994953,0.26009426,0.26479813,0.2605264,0.2959481,0.3697445,0.39124763,0.41645518,0.37342703,0.52927417
694,0.14689144,0.26790935,0.29835373,0.25657076,0.25875866,0.2533932,0.29327354,0.36806262,0.38894644,0.41307935,0.37206337,0.5269891
695,0.1447985,0.2614011,0.2947322,0.2484173,0.2572222,0.25273454,0.28635302,0.3589179,0.38035196,0.40843037,0.3647586,0.5165847
696,0.143435,0.25311318,0.2904991,0.24423185,0.25159782,0.25165966,0.2811066,0.35500836,0.3770976,0.4001071,0.35908446,0.50667566
697,0.13929379,0.25090852,0.28653428,0.2426813,0.24902649,0.24468641,0.27510953,0.3509665,0.37630716,0.39385837,0.34953234,0.4991036
698,0.13578157,0.24781832,0.28326067,0.24070987,0.24822225,0.24316782,0.27295896,0.34238988,0.3662584,0.39143988,0.34260347,0.49575844
699,0.13476305,0.24502869,0.27593,0.23604271,0.2434279,0.23938371,0.26872754,0.33484855,0.3628777,0.38651964,0.33614442,0.48456848
700,0.1309345,0.23910865,0.27078035,0.23211922,0.24249527,0.2366223,0.26563552,0.3284518,0.35940352,0.3802553,0.3347366,0.4774941
701,0.12991232,0.23667467,0.270537,0.23076357,0.23659709,0.22762662,0.2626721,0.32585564,0.35110703,0.3687587,0.32901722,0.473663
702,0.12907277,0.23203139,0.2626077,0.2281564,0.23525956,0.22540595,0.2586649,0.32134944,0.3465552,0.36359257,0.3258779,0.4516063
703,0.12526207,0.23089434,0.2591724,0.22296305,0.23080409,0.22166899,0.2535053,0.31219757,0.3455399,0.35768667,0.32146296,0.4508315
704,0.123840235,0.22709575,0.25274053,0.22104122,0.22694871,0.21600136,0.24830714,0.30760303,0.33695462,0.35351905,0.31946394,0.44745958
705,0.12189502,0.22492664,0.25155145,0.21616358,0.22125764,0.21571949,0.24650994,0.30338827,0.32978973,0.34582502,0.31671917,0.437123
706,0.11807742,0.21551833,0.23961332,0.20868836,0.21937962,0.21322231,0.24182951,0.29513097,0.32460687,0.34246278,0.30905154,0.43522036
707,0.11682253,0.21253832,0.2375713,0.20522884,0.21583049,0.21105705,0.23623691,0.2905634,0.32108745,0.33524472,0.30614915,0.4260224
708,0.11353812,0.21140549,0.23203631,0.20283051,0.21174428,0.20394526,0.23157957,0.28832957,0.31662324,0.3287152,0.2942183,0.41933095
709,0.11134298,0.20357923,0.22919677,0.20013161,0.2103654,0.1987438,0.22669075,0.28624716,0.31323308,0.320167,0.28543666,0.40724465
710,0.11040479,0.19864327,0.22182831,0.19615877,0.20548281,0.19841911,0.22599086,0.27816263,0.31239024,0.31569338,0.28211927,0.40537116
711,0.10729425,0.19808738,0.21791568,0.19365256,0.20242956,0.1962884,0.22041506,0.2742056,0.30203092,0.30956253,0.27531034,0.39761668
712,0.10371704,0.19349897,0.21185419,0.18738681,0.19561559,0.1926119,0.21587029,0.2706838,0.28945553,0.29985058,0.27154493,0.3830761
713,0.10296567,0.1875634,0.20738323,0.18568705,0.19314629,0.18776205,0.2147998,0.26377547,0.2832015,0.2930825,0.26811215,0.37902272
714,0.09944646,0.1841686,0.20502491,0.18253075,0.18754363,0.18768772,0.2124338,0.2563139,0.27574843,0.28840083,0.26189458,0.3707193
715,0.09886693,0.18094394,0.20155333,0.17992903,0.18411045,0.18123181,0.20536095,0.2527813,0.27228162,0.28410226,0.2570631,0.3583554
716,0.096599475,0.17749034,0.19785523,0.17176689,0.17840841,0.1803539,0.20401426,0.24690218,0.26822832,0.28166878,0.24880889,0.35587466
717,0.09601637,0.17503332,0.19551155,0.16888008,0.17506805,0.17391787,0.19729987,0.2419674,0.25950146,0.27686834,0.24535666,0.3476761
718,0.09291094,0.1699645,0.18975197,0.16660203,0.17189461,0.17078377,0.19390091,0.23663834,0.2572472,0.27177906,0.2427876,0.33337113
719,0.09108144,0.16779225,0.18684454,0.16190979,0.16546512,0.17025627,0.18958387,0.22734445,0.25254807,0.26579654,0.23313206,0.32920244
720,0.088828266,0.160197,0.1804321,0.15917751,0.1649488,0.1648468,0.18342642,0.22455005,0.24576645,0.26035333,0.22808759,0.32163006
721,0.08691671,0.15561031,0.17499807,0.15816471,0.16417691,0.15967411,0.17973198,0.22027032,0.24045216,0.2493426,0.22541225,0.31436116
722,0.08560908,0.1513574,0.16784339,0.15154609,0.15847829,0.15625532,0.17465805,0.21400717,0.23907061,0.24415651,0.2212383,0.30447963
723,0.08303337,0.14904395,0.16609976,0.14865863,0.14905816,0.15212537,0.16687782,0.20540673,0.23437937,0.23451576,0.20897432,0.29825297
724,0.08165708,0.14709203,0.16568819,0.14633048,0.14847705,0.1504909,0.16293888,0.20004879,0.22080521,0.23404403,0.20259579,0.28971317
725,0.080404,0.14519402,0.16006848,0.14246237,0.14564055,0.14639583,0.16101825,0.19858086,0.2119409,0.22535405,0.20115072,0.2894027
726,0.07804535,0.13869928,0.15924746,0.14181659,0.14086993,0.14120118,0.15692148,0.19063455,0.20859727,0.22251786,0.19649634,0.27646726
727,0.0772246,0.1324602,0.14922783,0.13256387,0.13684167,0.13482767,0.15200247,0.18596444,0.20607871,0.20745605,0.19327101,0.26762536
728,0.073311135,0.12935747,0.1467363,0.12924498,0.13485786,0.1337786,0.1503777,0.18072724,0.20159489,0.20687582,0.18924032,0.2607763
729,0.071025744,0.12793897,0.14284311,0.12670884,0.13117892,0.12864001,0.14597878,0.1794511,0.19163151,0.2060522,0.18356338,0.25997758
730,0.069907874,0.1254469,0.14111798,0.12310011,0.12595807,0.12663345,0.14218643,0.17401528,0.18533792,0.19598667,0.17872643,0.24991433
731,0.06710968,0.12488668,0.13731252,0.11958892,0.12105234,0.12203723,0.13996959,0.16775791,0.1815134,0.19062142,0.172022,0.24248092
732,0.06641174,0.11675707,0.13254666,0.115453996,0.11907324,0.119057275,0.13253169,0.16499516,0.18015407,0.18166287,0.1698808,0.24100581
733,0.06543243,0.115884505,0.12951468,0.11234587,0.11296258,0.117479794,0.12806612,0.15548918,0.17496142,0.17010489,0.16348715,0.23295528
734,0.062381785,0.11246534,0.12695423,0.110422425,0.11079264,0.114275396,0.126122,0.15476815,0.16970232,0.16751102,0.16114752,0.22769609
735,0.059934072,0.109049566,0.11942698,0.10813086,0.105437025,0.10623994,0.12239299,0.1481621,0.15802513,0.16129053,0.15437393,0.2220103
736,0.054649517,0.107251145,0.11722097,0.104708016,0.10460605,0.10447662,0.11772514,0.14756931,0.1538494,0.16093718,0.14821406,0.21286832
737,0.05099095,0.10347084,0.11442994,0.103040785,0.10079967,0.10192126,0.11410773,0.13562419,0.1517942,0.15468915,0.14141162,0.20076253
738,0.049896173,0.09547602,0.10904706,0.09993991,0.09373558,0.0981269,0.111119844,0.13338299,0.14677595,0.14630346,0.13748778,0.19391216
739,0.049443733,0.094319776,0.10800082,0.09307198,0.09325017,0.0967892,0.106958024,0.12777162,0.14162414,0.14226554,0.1338867,0.19038181
740,0.048425693,0.09146794,0.10286303,0.08721832,0.089850634,0.09412955,0.09923685,0.123886175,0.13639712,0.1374372,0.12203299,0.18309009
741,0.046608485,0.08801536,0.095246,0.083111614,0.08673029,0.0911437,0.09587441,0.120330416,0.13220787,0.12920026,0.120191455,0.1761369
742,0.04439356,0.08417333,0.09157591,0.08043622,0.08371585,0.081823364,0.094296694,0.11975002,0.121685594,0.1219066,0.11621457,0.16041043
743,0.04209891,0.082469076,0.08894859,0.080098875,0.077305645,0.075815335,0.08698961,0.11333614,0.117007725,0.11788723,0.10923055,0.15437724
744,0.040944044,0.08023744,0.08015447,0.07815858,0.0741097,0.07495551,0.085312925,0.103648365,0.109843194,0.107367806,0.102769144,0.14609824
745,0.037303053,0.07550047,0.07684411,0.07233522,0.070131525,0.07121205,0.07986596,0.10332567,0.10342903,0.10428967,0.09350901,0.14038739
746,0.035995126,0.070845775,0.074320845,0.06940551,0.065168224,0.068126366,0.07825943,0.094324075,0.096070886,0.10171099,0.092196636,0.13437024
747,0.03446883,0.06715896,0.07316727,0.06698207,0.06263689,0.06764311,0.07640321,0.080568515,0.09381416,0.09806172,0.08388524,0.13241825
748,0.03278131,0.061266065,0.06679819,0.06060292,0.059309844,0.06379974,0.07417425,0.077256426,0.08914108,0.0960409,0.07844071,0.1176051
749,0.031384096,0.058385875,0.0622498,0.057228327,0.05648301,0.05816258,0.06962342,0.07327509,0.08426566,0.09008678,0.07472329,0.11219152
750,0.02745981,0.058094196,0.058292348,0.053139344,0.052661043,0.05537532,0.063096054,0.06989184,0.08096901,0.08362347,0.07135828,0.10769522
751,0.024299465,0.054271396,0.057294555,0.050206028,0.050543033,0.052679013,0.060694426,0.06877436,0.07653342,0.0795513,0.06741369,0.103642136
752,0.022253212,0.052287385,0.056457184,0.04546067,0.04274994,0.050130166,0.054621447,0.06265118,0.073510386,0.07539934,0.06408013,0.09208822
753,0.021050354,0.048858464,0.048462395,0.042480618,0.040396776,0.048840947,0.053794205,0.059095446,0.067106515,0.06402111,0.060081493,0.08661963
754,0.019433098,0.04292559,0.04742544,0.039144356,0.036829744,0.045442753,0.043768942,0.055847842,0.059945524,0.059874177,0.056764048,0.083160326
755,0.018629244,0.03997958,0.04437224,0.03522332,0.03554233,0.040928412,0.042583607,0.05008504,0.054087017,0.053029407,0.04084195,0.070324875
756,0.016623609,0.033189606,0.042019557,0.02965736,0.03198272,0.037510905,0.036294505,0.04616622,0.050489333,0.049279593,0.04020608,0.06470249
757,0.015185231,0.029325588,0.03727164,0.028220208,0.027792782,0.03380916,0.032198355,0.04137797,0.043623004,0.04778,0.03422665,0.06180732
758,0.013577747,0.026276132,0.034769688,0.025931751,0.025210898,0.032229476,0.026668852,0.03998773,0.03950119,0.043506447,0.032380898,0.056261607
759,0.011559335,0.022344885,0.029186742,0.02201159,0.022609383,0.028679365,0.023024352,0.03652694,0.038898584,0.03343123,0.02750739,0.05443392
760,0.009770718,0.0206155,0.02668322,0.01920811,0.015104325,0.02642247,0.02167715,0.029462563,0.032942876,0.023261793,0.023482637,0.04916241
761,0.0072357417,0.01990906,0.021443663,0.014926419,0.013248094,0.019087754,0.018041298,0.02316234,0.02638351,0.022389915,0.0202699,0.035387952
762,0.0061778696,0.018461332,0.018590678,0.012819815,0.009374312,0.01718274,0.016715232,0.018178103,0.021374606,0.020245407,0.01582444,0.032336246
763,0.005669681,0.016350275,0.01456112,0.0098591605,0.0074439007,0.011477589,0.014665059,0.015537668,0.017749297,0.017439513,0.009848086,0.023647035
764,0.004263309,0.012265649,0.012508308,0.007850076,0.0029207466,0.009588196,0.013557281,0.009823756,0.015145842,0.01343126,0.0074038855,0.01794913
765,0.0033901103,0.007371229,0.006470439,0.0031920332,0.0022048838,0.005743214,0.007991199,0.0075494642,0.006392931,0.009644484,0.0043321266,0.013317371
766,0.0024186494,0.004727414,0.0038141941,0.0024390316,0.00082214753,0.0038305377,0.0015319908,0.00063672283,0.0034332096,0.007204151,0.0005935201,0.0046891584
767,1.4871698e-06,2.0449363e-06,1.985679e-06,1.609367e-06,1.8034174e-06,2.1603958e-06,2.1896294e-06,1.4776447e-06,1.7685129e-06,1.9498525e-06,2.2801128e-06,1.4318491e-06
