,0,1,2,3,4,5,6,7,8,9
0,0.2607244,0.14435749,0.22964175,0.30681306,0.32895032,0.24708113,0.3054065,0.279945,0.3063687,0.30071348
1,0.16490035,0.29370403,0.21073957,0.14894597,0.16044919,0.20040672,0.15549862,0.14366195,0.13146184,0.1319384
2,0.15055354,0.15152216,0.13515337,0.14331149,0.1655437,0.14328507,0.115923874,0.14713693,0.14723259,0.1519888
3,0.13282216,0.14762545,0.12001297,0.12778705,0.15579768,0.12985446,0.14115131,0.1713379,0.17041644,0.11819899
4,0.13841012,0.12125644,0.15768622,0.12238777,0.13175753,0.133516,0.14937754,0.14145191,0.13777536,0.13141388
5,0.13437648,0.17084222,0.14691177,0.19753927,0.13574128,0.16013929,0.12506884,0.119416684,0.15580054,0.14668031
6,0.14110418,0.14391264,0.122339554,0.15765667,0.17120263,0.16131125,0.145706,0.1351235,0.1880033,0.12057727
7,0.16523567,0.117556304,0.16268459,0.15878649,0.117340006,0.14732552,0.13450003,0.16218226,0.15355419,0.14427698
8,0.11830312,0.15587282,0.1416092,0.13607731,0.21154049,0.15726921,0.14543581,0.14958988,0.14813296,0.16633461
9,0.15361449,0.12307523,0.15560284,0.13894089,0.17408511,0.12084828,0.16765091,0.18045172,0.12798177,0.13752085
10,0.123503916,0.13587846,0.1360825,0.11730847,0.1512466,0.14506716,0.11789739,0.12557903,0.13774961,0.16095611
11,0.11285843,0.13355583,0.13258433,0.14176568,0.13422881,0.13422567,0.15878604,0.14361195,0.13874929,0.12385434
12,0.12566333,0.14391176,0.13812332,0.1572581,0.11920547,0.13470934,0.11483743,0.14966336,0.12591323,0.1289623
13,0.12685579,0.15748566,0.12563024,0.12968098,0.10679165,0.1746535,0.13109013,0.1278426,0.13023257,0.108815335
14,0.11999294,0.13112994,0.108842485,0.11232029,0.09829502,0.111691125,0.103218906,0.11321219,0.13271451,0.14889775
15,0.14456101,0.11766344,0.12658852,0.114380494,0.11003204,0.12273836,0.13451263,0.1327965,0.12628864,0.13264412
16,0.13699499,0.14734182,0.13826242,0.13931568,0.11271143,0.120218426,0.13780698,0.10931367,0.113835596,0.12234599
17,0.12532508,0.12145068,0.14238521,0.1076784,0.12333499,0.14744231,0.20284119,0.16103914,0.173341,0.11392507
18,0.11178878,0.10267407,0.16234025,0.11161394,0.12254651,0.13732097,0.13506097,0.12439951,0.14667308,0.11324858
19,0.12711744,0.1275576,0.11565505,0.13058557,0.11295114,0.11084042,0.16459382,0.12565902,0.14333412,0.14126113
20,0.12271329,0.13643779,0.1319522,0.12522507,0.1182874,0.14830227,0.11990982,0.107013196,0.12295818,0.12173959
21,0.10838597,0.15325743,0.11608757,0.1214865,0.12383246,0.11112671,0.11879133,0.10738889,0.12564094,0.1209061
22,0.117318496,0.12270471,0.1171518,0.11518301,0.12028426,0.1319241,0.12964594,0.121673,0.11006153,0.13914393
23,0.14378965,0.121162236,0.11919275,0.11477072,0.12345447,0.10511878,0.13278039,0.1250075,0.11515738,0.1299274
24,0.11590354,0.11619393,0.10367673,0.11812452,0.12459074,0.19908813,0.117141224,0.10746624,0.1281915,0.12843783
25,0.121942826,0.13114758,0.12792939,0.101961374,0.12626477,0.15958658,0.1189517,0.107911564,0.13642333,0.1819514
26,0.1419999,0.12498228,0.13994254,0.14002223,0.11841762,0.14811924,0.12512359,0.14356518,0.11022186,0.14184895
27,0.13279739,0.15285021,0.14060457,0.13367093,0.13698956,0.11762662,0.11370554,0.110983364,0.1393587,0.13351125
28,0.12796083,0.14287718,0.14920701,0.12259488,0.115346454,0.12029624,0.12940413,0.12395997,0.12400575,0.16830702
29,0.10349472,0.10802014,0.1173959,0.13113168,0.11691636,0.12713735,0.106988356,0.13172516,0.12687188,0.13189918
30,0.12386398,0.10743217,0.11505537,0.10567513,0.10963988,0.12109417,0.12925416,0.12596768,0.11569093,0.110711314
31,0.12493768,0.13392699,0.11982453,0.10949424,0.116804495,0.12889042,0.119092904,0.12671989,0.11218142,0.10089927
32,0.110516615,0.14045304,0.1206183,0.12128456,0.1061692,0.11753204,0.14927454,0.12390169,0.1359082,0.10906012
33,0.12061021,0.12885858,0.10696758,0.12597525,0.13388309,0.13947383,0.10785229,0.14078565,0.13491833,0.109735824
34,0.13101691,0.11350106,0.12480009,0.1253744,0.11426859,0.11251302,0.12143697,0.12601435,0.1275677,0.12388997
35,0.14452279,0.110901415,0.124433175,0.120431595,0.114613175,0.10991512,0.1259731,0.113449655,0.11150424,0.13911545
36,0.13082008,0.1609226,0.12080007,0.12394732,0.12694982,0.12289231,0.11356457,0.13015942,0.11568706,0.13496955
37,0.1195793,0.118774325,0.111835964,0.13106701,0.13529451,0.123059236,0.12451229,0.11542066,0.120726936,0.13543473
38,0.12975581,0.1377744,0.12892589,0.11594646,0.112618886,0.12402256,0.118974745,0.12287129,0.13663274,0.12998778
39,0.14093462,0.11417628,0.11142813,0.12106118,0.12794639,0.1445425,0.11814769,0.111056805,0.12725523,0.12027602
40,0.12902308,0.10170174,0.10852153,0.12635271,0.13185443,0.103989035,0.11130685,0.11169483,0.108836174,0.11255525
41,0.13213551,0.12056422,0.12357469,0.12306216,0.11967078,0.12612303,0.1212979,0.12372194,0.13187408,0.11892427
42,0.124322996,0.10941841,0.12665164,0.12170554,0.12259328,0.11752658,0.12681803,0.12895474,0.1246793,0.12334424
43,0.12183416,0.10852909,0.12883294,0.11212154,0.12618363,0.110930435,0.11445178,0.117128976,0.11139921,0.12952814
44,0.12492253,0.112850636,0.11510038,0.11927132,0.12096733,0.11472657,0.115087815,0.12228055,0.12442591,0.123346716
45,0.1129565,0.11953172,0.11821701,0.12835701,0.11769396,0.11839242,0.13812713,0.13374835,0.1023311,0.110685736
46,0.13826746,0.12383668,0.1334396,0.1143724,0.1074673,0.14025147,0.112477005,0.10332368,0.12051356,0.1261097
47,0.11457216,0.13875222,0.11431588,0.110489026,0.13471662,0.11579393,0.12442289,0.14339775,0.111234054,0.13491035
48,0.14011317,0.12073693,0.10790776,0.11891867,0.12172957,0.11339277,0.11375751,0.13018997,0.12039478,0.11564675
49,0.108330004,0.12228179,0.12054448,0.12620905,0.12886547,0.12915948,0.13315046,0.114322424,0.11799073,0.113647886
50,0.13382491,0.11419729,0.106969744,0.12081072,0.11780983,0.10557547,0.114386186,0.11529346,0.11961429,0.1093225
51,0.11944643,0.13594635,0.12227127,0.11364677,0.11234281,0.13793603,0.111314304,0.12084283,0.12323521,0.11821506
52,0.1337813,0.1455466,0.117097035,0.12750722,0.14570016,0.14161643,0.14001045,0.114041485,0.13573706,0.13485861
53,0.096254,0.117232405,0.12159526,0.10291008,0.12645432,0.11691796,0.10361262,0.114521325,0.11653509,0.11015436
54,0.117363036,0.11852414,0.13640052,0.120428026,0.11742787,0.11252827,0.105565496,0.11419283,0.14620481,0.12870862
55,0.103653625,0.13359067,0.119271204,0.1288386,0.13141003,0.13260078,0.13308536,0.117587514,0.11478795,0.109085724
56,0.12820975,0.11803998,0.12899362,0.13620603,0.123902194,0.11879912,0.1433788,0.14397016,0.12729341,0.11305031
57,0.13164426,0.13992298,0.1354649,0.108507566,0.105594575,0.11842019,0.104148425,0.12144503,0.11398654,0.12070389
58,0.104605645,0.099403195,0.116852045,0.1188916,0.12587026,0.11434722,0.14786595,0.10715223,0.11097212,0.11554864
59,0.12310681,0.15025565,0.116627425,0.10842364,0.1547871,0.13159563,0.11376926,0.11492644,0.10762942,0.11623687
60,0.11720374,0.12294103,0.12382649,0.1374176,0.12547192,0.12699488,0.12790567,0.11757337,0.1364172,0.10571776
61,0.1371271,0.120883554,0.12114119,0.10853367,0.11621093,0.11141148,0.12137222,0.12337263,0.13009506,0.11857006
62,0.12424052,0.12142457,0.12410529,0.122759834,0.12324743,0.1406024,0.11506346,0.1243783,0.10914492,0.118062064
63,0.109614596,0.10261837,0.11175816,0.12049548,0.11629532,0.11547996,0.1296303,0.11878127,0.10878483,0.10403849
64,0.11316967,0.1366606,0.1242328,0.11427912,0.13310397,0.11538824,0.11142334,0.12803838,0.1114621,0.12850147
65,0.109333225,0.14499298,0.11390278,0.109459154,0.10313329,0.15937726,0.12829618,0.112660766,0.12212883,0.11472044
66,0.14115417,0.13879511,0.11262724,0.10921718,0.15359353,0.13221951,0.11484262,0.14141692,0.13430724,0.129523
67,0.11952758,0.12374663,0.117029086,0.14344814,0.1133056,0.11813705,0.109774515,0.115606256,0.11390282,0.1326438
68,0.1430638,0.12954141,0.14320943,0.121173635,0.1224006,0.11172582,0.10391837,0.12612498,0.12904087,0.11717356
69,0.106190935,0.16440476,0.11988499,0.12809417,0.10159996,0.10788773,0.11243552,0.104538016,0.13084072,0.13006179
70,0.10185084,0.15511718,0.13013947,0.10976893,0.11144948,0.12791629,0.13266328,0.12108115,0.11818339,0.13396184
71,0.11725104,0.11124111,0.11403004,0.13103855,0.13661796,0.12350254,0.1246171,0.13736024,0.11258297,0.12112109
72,0.10755466,0.12848055,0.117135204,0.14809555,0.1338904,0.14999083,0.12819995,0.12208678,0.13552612,0.12757443
73,0.14156324,0.103776336,0.1302405,0.10871574,0.1203745,0.14028847,0.13843498,0.10759011,0.11240892,0.1196132
74,0.11395651,0.115437016,0.127568,0.10496044,0.11217607,0.13236122,0.10651169,0.13569947,0.122971,0.12001617
75,0.155144,0.11675392,0.11478732,0.1310299,0.12758029,0.11469369,0.10657432,0.11888643,0.12433482,0.115975596
76,0.1540939,0.12124442,0.12638707,0.12563297,0.11609255,0.11844164,0.10588193,0.12710468,0.12096876,0.121637315
77,0.10908568,0.12111483,0.12904601,0.11764722,0.13136888,0.11441919,0.15188193,0.10997071,0.12317023,0.11513337
78,0.118832774,0.12243541,0.13424565,0.14424917,0.11934551,0.13006578,0.102902636,0.14049931,0.11409952,0.1162271
79,0.11851343,0.11039678,0.12361331,0.12831834,0.113866396,0.11310733,0.1197992,0.1335895,0.107311994,0.11850828
80,0.11154878,0.11243357,0.11841613,0.11028936,0.11461684,0.118031695,0.12547208,0.12405406,0.15341578,0.119899794
81,0.12722383,0.124215744,0.12785219,0.12242797,0.11887938,0.11803374,0.1101712,0.12442329,0.1318409,0.12825115
82,0.11123677,0.10740435,0.13000487,0.11213404,0.12808716,0.13902313,0.106132105,0.14208144,0.14282541,0.12663154
83,0.12435735,0.12875888,0.11931249,0.11868928,0.13285136,0.11242913,0.12138199,0.13161679,0.14482044,0.12047365
84,0.13273187,0.115617245,0.10889635,0.13548097,0.1355037,0.11772759,0.1316261,0.1499628,0.12959284,0.1404873
85,0.12833366,0.15568912,0.15603067,0.11857737,0.113734275,0.11747416,0.1478012,0.108033285,0.12312583,0.11651932
86,0.09809868,0.11503655,0.11834554,0.10472341,0.14920466,0.1488399,0.11836402,0.105498075,0.11965938,0.13567168
87,0.10311793,0.15936385,0.11860757,0.11346954,0.09977382,0.1105769,0.10944659,0.11070921,0.113411,0.11169523
88,0.112947464,0.15710378,0.14042869,0.12008566,0.16515374,0.110581756,0.13029201,0.12422772,0.11179219,0.14201432
89,0.14191785,0.13354589,0.13561536,0.10589863,0.113965735,0.10726242,0.111485496,0.11457633,0.1254205,0.120399274
90,0.14067735,0.11224414,0.107406154,0.12641695,0.1432271,0.12274512,0.12065391,0.105652,0.10941567,0.14387101
91,0.12632382,0.11899653,0.13518009,0.11425261,0.1190442,0.123809166,0.11894508,0.11699914,0.118676476,0.10367923
92,0.13700007,0.13917236,0.122824535,0.11340062,0.13328907,0.13536817,0.12359372,0.13106011,0.11482664,0.13256916
93,0.11906378,0.123947315,0.12904117,0.115462855,0.12528972,0.1319336,0.11398008,0.11871287,0.11496025,0.1112922
94,0.11484563,0.12961486,0.11498448,0.11628095,0.11810729,0.11560769,0.09937398,0.11701481,0.116351575,0.11856437
95,0.12733105,0.11251683,0.11473117,0.10248381,0.11835493,0.121169224,0.12563452,0.11769457,0.12204948,0.12692703
96,0.13733348,0.17456146,0.13787341,0.11854016,0.11013341,0.10491811,0.121160984,0.109098434,0.11085411,0.11706665
97,0.12384191,0.114092514,0.115391515,0.120710894,0.119973615,0.14489639,0.11093445,0.12135808,0.11311859,0.13166307
98,0.13559759,0.1070046,0.1366413,0.12945908,0.10612481,0.13159701,0.10491466,0.11797563,0.1290173,0.11273174
99,0.12264647,0.10871203,0.118559346,0.11631046,0.12190221,0.11352488,0.1311154,0.13150972,0.12828737,0.13422023
100,0.11979409,0.10986078,0.10748434,0.14013626,0.16275896,0.1536786,0.10995272,0.11025586,0.1355488,0.12642673
101,0.12325616,0.1198714,0.12525651,0.12576479,0.108894825,0.119742386,0.13048494,0.12469684,0.11528108,0.124694094
102,0.12129581,0.10919431,0.12526101,0.120729595,0.11717087,0.13562928,0.121569574,0.10444959,0.13092545,0.12646861
103,0.1275878,0.1126779,0.12202517,0.119997546,0.1043491,0.118628785,0.15102729,0.116164416,0.11406075,0.13424304
104,0.10883356,0.10668779,0.12100063,0.13982216,0.115719125,0.11766069,0.13599776,0.115933046,0.11306358,0.12365117
105,0.13837895,0.112520374,0.124702156,0.13179596,0.12436147,0.12639932,0.111219205,0.11647813,0.10904403,0.12267871
106,0.13905656,0.117590755,0.10842849,0.114047535,0.12578669,0.10620412,0.12513414,0.12220445,0.17689027,0.13699481
107,0.11520064,0.11754464,0.11468215,0.14418603,0.11381088,0.12643665,0.1506546,0.12894875,0.14061219,0.13025016
108,0.1372092,0.121888995,0.12720308,0.11835483,0.109911926,0.13645838,0.11190277,0.11551545,0.11530388,0.11694902
109,0.1396898,0.11016246,0.16490927,0.12372564,0.12136337,0.12509692,0.1107246,0.15004525,0.12551345,0.1187831
110,0.13007711,0.12889987,0.13197273,0.113664106,0.17696711,0.10851397,0.11996253,0.12426055,0.1152966,0.14339793
111,0.12374788,0.12891287,0.13136294,0.11735756,0.14727396,0.12774993,0.1191605,0.13500202,0.12944257,0.13404456
112,0.1324926,0.114728905,0.15497762,0.16334508,0.11324923,0.09642701,0.12770784,0.11145703,0.13537034,0.10502328
113,0.10979314,0.12593305,0.12720054,0.11625057,0.11367439,0.12951702,0.12758586,0.11960788,0.1482079,0.14170647
114,0.11341591,0.11813079,0.11832429,0.1336648,0.108915366,0.116589636,0.12879667,0.11956392,0.12304659,0.12924959
115,0.13449953,0.12403017,0.14201264,0.10906761,0.12229171,0.11794298,0.13766184,0.15104574,0.11518942,0.13310993
116,0.13864926,0.13216767,0.10760428,0.13547283,0.13976702,0.12299049,0.11482228,0.10716406,0.114409305,0.12407966
117,0.114944026,0.12488027,0.11228812,0.11790719,0.11271636,0.11946885,0.1234339,0.12273477,0.14993632,0.11879723
118,0.11643204,0.16609752,0.114525795,0.11608217,0.12700778,0.1266204,0.118973926,0.1057799,0.120081544,0.13395056
119,0.1402926,0.122134194,0.12220174,0.12242039,0.12019418,0.13133033,0.13100323,0.15145285,0.13246965,0.10764806
120,0.14116734,0.12407293,0.123352915,0.12268515,0.12229152,0.12159655,0.1288217,0.12783371,0.12390474,0.13035199
121,0.13755952,0.1309036,0.11924223,0.14320363,0.13414744,0.117724046,0.1257252,0.1200665,0.13765697,0.131484
122,0.13274343,0.1106223,0.1254049,0.13200237,0.10965085,0.12188218,0.11613555,0.14673318,0.09687358,0.120598376
123,0.11545361,0.115787365,0.11695035,0.13240716,0.11671077,0.10527796,0.12765332,0.12897478,0.11614808,0.12954326
124,0.10487658,0.13082705,0.12328163,0.11188358,0.13390319,0.11270839,0.121824965,0.11976232,0.11730801,0.13777216
125,0.1436973,0.12274897,0.1256701,0.116211474,0.098701015,0.10490989,0.11920211,0.0995081,0.10670197,0.10063458
126,0.11682406,0.116316855,0.13209765,0.13320814,0.11791353,0.12349089,0.13454725,0.1194364,0.12873843,0.11302769
127,0.1467888,0.14759786,0.118954815,0.1284908,0.12425318,0.1277961,0.14168663,0.12253436,0.1357154,0.13881713
128,0.12040364,0.16091478,0.13838837,0.13264215,0.11481834,0.10483266,0.117506,0.15178473,0.11440091,0.115802035
129,0.11555262,0.11273853,0.12133549,0.12053637,0.10925715,0.11504606,0.13767275,0.115705155,0.12269851,0.12140913
130,0.11454389,0.1039541,0.13321021,0.11745866,0.14326479,0.11016689,0.14464834,0.12234477,0.1152246,0.10774331
131,0.13693908,0.103220575,0.12018493,0.11027105,0.14810787,0.11756718,0.1301491,0.12773365,0.120051265,0.1280003
132,0.11767453,0.11272309,0.14136605,0.116401374,0.121080376,0.14128163,0.11527066,0.10576395,0.11225073,0.109736204
133,0.11930315,0.14792868,0.12106593,0.12834448,0.12865242,0.12168044,0.107132256,0.11503914,0.11933471,0.13290109
134,0.10245165,0.12135382,0.13728632,0.1436559,0.12904942,0.13312209,0.12796637,0.11348018,0.1149294,0.11194626
135,0.10503718,0.12096797,0.11844717,0.14394802,0.13167752,0.11880858,0.13124958,0.12853478,0.121090315,0.14440846
136,0.12851575,0.10841562,0.12641083,0.1300276,0.13095883,0.118706465,0.14373578,0.11596709,0.12187882,0.12523933
137,0.11864329,0.10377714,0.12954824,0.11413477,0.124103576,0.11533831,0.12058835,0.11504322,0.124253444,0.12500128
138,0.14061674,0.14405179,0.121222526,0.13700594,0.13730262,0.10698645,0.11315024,0.13193619,0.11439741,0.111011736
139,0.1284834,0.12575422,0.11111921,0.100967064,0.12384692,0.11348838,0.12880708,0.10439535,0.13152191,0.11850013
140,0.12470503,0.10530198,0.10110998,0.13664414,0.10895169,0.11251641,0.15204966,0.13178766,0.11110467,0.15848185
141,0.13285264,0.12764157,0.12291695,0.13698895,0.12693886,0.12248259,0.14138788,0.118167445,0.11454108,0.117760986
142,0.12451795,0.12326587,0.14969203,0.14177193,0.14126058,0.10660046,0.11189547,0.13683812,0.12284937,0.13321522
143,0.11374894,0.13707058,0.115115434,0.099421956,0.1383847,0.11693138,0.113695174,0.1091308,0.11146758,0.11178055
144,0.12579185,0.13723667,0.12183602,0.12717752,0.13725133,0.12147701,0.12218993,0.12951386,0.11572665,0.10707313
145,0.10957565,0.12496433,0.11078206,0.10257811,0.11063507,0.115788914,0.1210357,0.11875528,0.113364995,0.11218805
146,0.13482058,0.15782414,0.12584278,0.11727907,0.10951023,0.11415346,0.12065051,0.124489,0.14973055,0.11927093
147,0.11660377,0.122860864,0.1060978,0.1319131,0.13954608,0.13600653,0.15389118,0.12930161,0.14495683,0.11104222
148,0.13987203,0.123022616,0.13615268,0.12038494,0.11777284,0.11424972,0.12642354,0.11343519,0.11497761,0.13329639
149,0.11877771,0.12717909,0.110151306,0.1371404,0.14859651,0.16674559,0.12543803,0.11120072,0.124318436,0.13454245
150,0.11290182,0.13762878,0.15321663,0.10626674,0.12175891,0.11169922,0.09486596,0.12936476,0.13817433,0.115869746
151,0.110423505,0.15452975,0.11384989,0.14723869,0.13288662,0.12569563,0.11544373,0.13473518,0.14131904,0.118232414
152,0.098634176,0.12116128,0.11259655,0.13102761,0.11496654,0.12216593,0.1300614,0.12988365,0.113480926,0.12193401
153,0.12056248,0.13356018,0.12732577,0.105080314,0.10945146,0.13302667,0.12836276,0.12695888,0.109994665,0.13783142
154,0.12271283,0.12809172,0.10857891,0.13576904,0.12260999,0.13260785,0.10761782,0.14766952,0.10581338,0.12499192
155,0.11302325,0.12867732,0.105613604,0.14520283,0.11767183,0.12910439,0.1307935,0.11974522,0.11876292,0.112179205
156,0.11756503,0.14334352,0.1323565,0.11375791,0.11893071,0.119252324,0.108072296,0.111738734,0.13716891,0.11203147
157,0.114196375,0.120838016,0.106958225,0.11466092,0.14277872,0.11917925,0.14773972,0.12033135,0.12988657,0.14147976
158,0.122713655,0.1132598,0.12352221,0.117022276,0.10833972,0.12564462,0.12262078,0.11767931,0.11935702,0.12647848
159,0.1253289,0.10725278,0.1209072,0.12420868,0.12485014,0.11066287,0.1330001,0.16356054,0.12009171,0.123472504
160,0.10597136,0.12886284,0.105611295,0.11781147,0.10580504,0.11391054,0.12547548,0.13428034,0.14072625,0.12047093
161,0.118992925,0.109277315,0.1127025,0.11689505,0.1306622,0.11767287,0.11511973,0.11136633,0.11567605,0.1158562
162,0.14369918,0.12637608,0.11718639,0.10510531,0.10878589,0.13687524,0.1258452,0.12726057,0.104796216,0.13786006
163,0.12663785,0.11585485,0.11520476,0.11941888,0.12907769,0.12039481,0.13507625,0.14491096,0.12896085,0.12022841
164,0.12915733,0.10793236,0.10892908,0.119728275,0.14441027,0.12656586,0.122571275,0.12034813,0.122461066,0.12056519
165,0.13192108,0.115098044,0.123070456,0.10731155,0.12971835,0.11533281,0.13528728,0.1244059,0.16529226,0.1089237
166,0.15218672,0.12068604,0.18462388,0.13618176,0.112623386,0.12033646,0.13085793,0.121513,0.118464574,0.13588703
167,0.11690491,0.13554154,0.13358194,0.1418873,0.12556134,0.10806949,0.11813147,0.17446572,0.13108213,0.11838562
168,0.113457225,0.12515137,0.13128819,0.11978679,0.13617346,0.12701337,0.12038368,0.11260113,0.11603089,0.11075104
169,0.108818755,0.12619239,0.11565183,0.11894047,0.12331931,0.11858712,0.1265776,0.12739293,0.121800415,0.12197181
170,0.11739451,0.12482026,0.12536216,0.11600676,0.1239862,0.11139356,0.12703198,0.12796937,0.12923592,0.11444411
171,0.117827065,0.116266266,0.13396263,0.123107135,0.14798053,0.15067282,0.1095972,0.113182284,0.12952119,0.118438
172,0.14268193,0.13040955,0.11340941,0.11693592,0.13203962,0.1461016,0.1063094,0.11074586,0.13526922,0.121121496
173,0.12610254,0.111611895,0.11840588,0.10946419,0.11446436,0.10412887,0.13857447,0.1507389,0.11930295,0.14640307
174,0.116381794,0.11819604,0.13365033,0.1364964,0.14230618,0.13624729,0.1107723,0.12754393,0.10996789,0.143722
175,0.123626955,0.10064508,0.11700757,0.11172734,0.12804139,0.12993108,0.11162516,0.11925779,0.113308355,0.119473204
176,0.123859644,0.13942218,0.11557262,0.11494666,0.13132137,0.098179795,0.11941242,0.14628705,0.10995569,0.108296916
177,0.117917925,0.10648997,0.11987733,0.12418395,0.14457673,0.119051784,0.12354353,0.13760763,0.16730033,0.14060645
178,0.11778132,0.11471401,0.109793894,0.116932265,0.12614216,0.12952657,0.10739538,0.1211707,0.12224822,0.11103502
179,0.13500054,0.115881726,0.11857181,0.114083536,0.15339369,0.12454794,0.106279545,0.10801169,0.10612961,0.11468073
180,0.14068013,0.13917503,0.14222458,0.14366166,0.112284094,0.10422148,0.13151623,0.12292802,0.12355374,0.12355699
181,0.13843271,0.12382132,0.12953798,0.13815616,0.11368509,0.14161114,0.11607752,0.10916138,0.11971058,0.10855583
182,0.12009421,0.11344821,0.11944967,0.13655457,0.10926234,0.106311135,0.13722946,0.11958075,0.11851874,0.1161136
183,0.123988226,0.12509277,0.14434673,0.1151178,0.11094315,0.13376051,0.1146222,0.12912495,0.10128021,0.11112635
184,0.12101465,0.13164397,0.1298384,0.13353103,0.11326584,0.105485596,0.11578151,0.12563425,0.11722931,0.11995645
185,0.09977137,0.14307916,0.10648943,0.11869036,0.12013425,0.12860137,0.12018534,0.11172117,0.1150488,0.1531337
186,0.106757775,0.10967071,0.13322425,0.1506968,0.118017666,0.1351982,0.12242685,0.11516526,0.13485232,0.12455192
187,0.11245395,0.105973475,0.11846046,0.11681815,0.12835115,0.1125167,0.10685173,0.11935489,0.11485408,0.13139828
188,0.11703569,0.11574319,0.1235121,0.12804465,0.12380943,0.11745797,0.118911326,0.13779394,0.13230732,0.10573234
189,0.12036531,0.14261776,0.12386924,0.13357742,0.14162827,0.10858013,0.12016761,0.11789176,0.1026783,0.12940209
190,0.11207242,0.11920778,0.122663595,0.11690069,0.11950907,0.12047874,0.12631153,0.124136224,0.13672465,0.121374756
191,0.12707697,0.11929073,0.123220004,0.12610476,0.15823974,0.12304148,0.12448564,0.11358977,0.118155584,0.14901933
192,0.121061035,0.11894447,0.121505775,0.10220497,0.110378094,0.11252196,0.1244414,0.10392615,0.10975889,0.11155063
193,0.12687045,0.12857139,0.11220445,0.13041204,0.10608018,0.11377299,0.1429142,0.13401568,0.11980679,0.14129756
194,0.1299758,0.12897795,0.121163964,0.12873001,0.1310671,0.10718537,0.12069784,0.12018471,0.11271823,0.11689784
195,0.12487209,0.12726143,0.12054243,0.119707674,0.10546752,0.13113742,0.10560262,0.12329979,0.1274342,0.14396551
196,0.118072666,0.1144562,0.1090279,0.13873753,0.13417856,0.130183,0.11467168,0.13479756,0.13691454,0.13413383
197,0.120207325,0.09454477,0.10405282,0.11583388,0.1460324,0.12905851,0.11459109,0.13414568,0.115380794,0.10158541
198,0.120544076,0.11574012,0.12299795,0.110484764,0.1456545,0.13622013,0.11350569,0.1085127,0.11368956,0.11970743
199,0.10988353,0.11380364,0.13183503,0.14413348,0.13816953,0.13794243,0.12623067,0.12616342,0.12156926,0.10498324
200,0.13336676,0.12163847,0.122186154,0.14042246,0.1144542,0.11061361,0.11900315,0.1419249,0.13607489,0.13129438
201,0.12583373,0.1427284,0.12742467,0.12953758,0.13560604,0.10984518,0.13679016,0.12424028,0.124688104,0.10973023
202,0.109490044,0.12017759,0.12148491,0.12046397,0.15800074,0.12828535,0.120887995,0.13581347,0.11194657,0.12275205
203,0.10398541,0.123419665,0.120867565,0.13869485,0.14280859,0.10885802,0.14005676,0.11756184,0.13074662,0.12197799
204,0.12506542,0.12518482,0.12473741,0.15102753,0.11458479,0.12980339,0.11483988,0.12786964,0.13341561,0.12096168
205,0.14594841,0.13714027,0.12337458,0.11485542,0.11015496,0.1131343,0.14085487,0.13393873,0.1068304,0.12318635
206,0.13131322,0.14360726,0.106889516,0.13250932,0.123669155,0.10868281,0.13065314,0.11297414,0.117448635,0.11417337
207,0.113693886,0.11272619,0.11445526,0.10625467,0.10511558,0.12283061,0.106837146,0.12792867,0.14580782,0.13279857
208,0.11906116,0.114257395,0.10618739,0.11889121,0.10887444,0.12714683,0.1159433,0.1311241,0.14288321,0.10568149
209,0.12899782,0.14620006,0.119862124,0.12862444,0.123664126,0.12989032,0.13537112,0.11389704,0.13330089,0.1211367
210,0.103692584,0.13398054,0.12283541,0.1128988,0.11405367,0.10688655,0.12133801,0.11603251,0.12369597,0.11337079
211,0.10983849,0.10541979,0.1323926,0.11563499,0.11580773,0.1253933,0.10005151,0.12819861,0.11140691,0.11618973
212,0.1307787,0.11378625,0.124954775,0.11537991,0.123591006,0.11465936,0.118956394,0.12593177,0.12407086,0.11512788
213,0.12259016,0.11932648,0.12127826,0.12086313,0.14123943,0.115569144,0.12080594,0.11926512,0.13308522,0.15371358
214,0.1006916,0.1369695,0.12290758,0.14234631,0.11124486,0.12201794,0.12415068,0.11818217,0.11039414,0.13290526
215,0.12309041,0.11340669,0.11216519,0.11375123,0.12646572,0.11701201,0.14065628,0.14067334,0.105493985,0.15029217
216,0.122143134,0.096954025,0.11855454,0.11012381,0.11771307,0.14646906,0.13108763,0.1448884,0.121839665,0.13924244
217,0.13410018,0.12040107,0.10865271,0.12633438,0.13117883,0.11666188,0.11704834,0.13540909,0.11614943,0.12465568
218,0.10572585,0.11173495,0.11260824,0.14244972,0.1301606,0.124950506,0.12400395,0.15971453,0.13133559,0.1317603
219,0.13303636,0.13719353,0.14556971,0.11762905,0.123302095,0.1379018,0.12743194,0.11279006,0.12789233,0.12715407
220,0.1280532,0.13664016,0.13516769,0.120575234,0.13479587,0.1542066,0.14009656,0.102856286,0.12101062,0.12400039
221,0.12777065,0.11822919,0.112069935,0.15475117,0.13713339,0.12476756,0.14679639,0.10119499,0.10654725,0.10625702
222,0.12315549,0.12177007,0.1248371,0.11120924,0.1137156,0.13967307,0.10931906,0.117768124,0.11399382,0.12224531
223,0.12218839,0.12131022,0.12669206,0.10841151,0.10750629,0.12697133,0.13476336,0.1137967,0.12155104,0.12807514
224,0.10942502,0.11153199,0.114738055,0.114416435,0.10731384,0.14637132,0.11940243,0.12779754,0.11818754,0.11683801
225,0.10525446,0.12562352,0.15534379,0.13025132,0.10313419,0.12311518,0.11798878,0.14550637,0.117784746,0.113347426
226,0.1209852,0.1340861,0.11131406,0.1340316,0.11181551,0.12364961,0.11194244,0.11968145,0.13439706,0.11777635
227,0.12038812,0.12610093,0.11299677,0.125352,0.13464908,0.13241954,0.12648013,0.13108324,0.13020214,0.11321037
228,0.13043576,0.10896721,0.15955192,0.12278647,0.11834387,0.13921282,0.11632681,0.12835103,0.14928716,0.13706705
229,0.14193802,0.121446244,0.12256509,0.1059649,0.12599422,0.12507547,0.11038146,0.1265554,0.11590297,0.10072651
230,0.14678353,0.10963569,0.1385626,0.11619063,0.11012265,0.14717798,0.14683205,0.120546244,0.11059527,0.10384124
231,0.11461963,0.104584865,0.10280983,0.13441274,0.11787529,0.12455544,0.11778149,0.10703739,0.12534913,0.1283863
232,0.111857764,0.12485149,0.12445453,0.11300649,0.11252754,0.11106056,0.10739659,0.1411664,0.14500222,0.122228324
233,0.110812254,0.13117471,0.15001018,0.12266751,0.114824995,0.108455814,0.118579894,0.13690695,0.11309109,0.12381585
234,0.123906195,0.12669471,0.115166,0.11873603,0.11619167,0.124140166,0.13138665,0.106188044,0.12454313,0.12678683
235,0.10867028,0.10855265,0.1365422,0.13806546,0.11293256,0.1136129,0.12249851,0.116712205,0.17816356,0.1009139
236,0.11669895,0.10294212,0.12144083,0.10822968,0.1183687,0.13791005,0.11930253,0.13353218,0.11646745,0.116586894
237,0.12892315,0.1729528,0.10751694,0.13236856,0.12346405,0.108840555,0.14779252,0.113255545,0.12189423,0.1108208
238,0.13644302,0.13554054,0.11940387,0.10870531,0.1139294,0.13482475,0.12227232,0.1116693,0.124433905,0.12713271
239,0.11607377,0.12040191,0.124543,0.10695,0.10534933,0.12348068,0.12570703,0.11679261,0.10757494,0.14835216
240,0.14478081,0.12423362,0.10407909,0.113268174,0.11890394,0.117927894,0.12876889,0.11944617,0.107911095,0.1352818
241,0.11407953,0.10451518,0.11749552,0.107087955,0.12914284,0.13582064,0.12477725,0.1116163,0.15650363,0.108511865
242,0.12711167,0.11791566,0.11492721,0.14134718,0.14024195,0.1338045,0.13107857,0.101600796,0.13293013,0.11778947
243,0.14168034,0.13535702,0.1502102,0.103664875,0.11967035,0.1235388,0.134489,0.14354506,0.12593833,0.11199447
244,0.121813044,0.10970413,0.11661745,0.14540356,0.10170439,0.112220906,0.11408842,0.122353464,0.13659635,0.112523414
245,0.11783838,0.123817906,0.12657806,0.11516146,0.12890081,0.14086995,0.100079305,0.111456394,0.12825374,0.1323466
246,0.13378768,0.124430045,0.11704455,0.12601538,0.11274874,0.12193924,0.13885523,0.12487434,0.11081136,0.11371738
247,0.11340649,0.14396806,0.119089514,0.12756306,0.112565726,0.12322146,0.14702623,0.11825467,0.12822267,0.107526936
248,0.12330609,0.15291221,0.15977456,0.11163026,0.110268794,0.12466589,0.111269586,0.14735194,0.124071345,0.11232902
249,0.13280801,0.105854854,0.115769334,0.11239119,0.13057493,0.13198738,0.11813057,0.14019778,0.13428453,0.1399003
250,0.13430229,0.13242045,0.1176523,0.112351246,0.11655058,0.11895652,0.10225371,0.11377184,0.106882155,0.12182415
251,0.116642326,0.12313783,0.14077654,0.12775108,0.11258367,0.12214944,0.1198978,0.11560457,0.11468642,0.11337245
252,0.109190926,0.12598689,0.12317921,0.11243916,0.13271672,0.124891266,0.14431432,0.12358102,0.13514264,0.13075761
253,0.11504936,0.1335544,0.12208375,0.11141376,0.13868375,0.13058467,0.120940976,0.10062039,0.110896714,0.123008266
254,0.12842157,0.11551716,0.1287883,0.1389203,0.12878083,0.14098436,0.12836826,0.12420692,0.107709825,0.14878929
255,0.12820128,0.12574556,0.11641378,0.106200956,0.12555932,0.11615025,0.11021611,0.17144026,0.12169854,0.11269682
256,0.10903458,0.14183067,0.12789658,0.10796586,0.10000527,0.11740652,0.11705624,0.12292929,0.11929421,0.103366934
257,0.12872475,0.11675596,0.1137788,0.13555868,0.12124366,0.14571565,0.12268428,0.11711059,0.109085605,0.12142146
258,0.13637422,0.13132802,0.1103319,0.12992871,0.12889682,0.12323884,0.12351,0.128732,0.14211561,0.116150126
259,0.11685879,0.11933386,0.11451537,0.112213105,0.13185006,0.11192345,0.11012392,0.10834944,0.13065542,0.11266823
260,0.116963476,0.146895,0.13452409,0.11071055,0.120063856,0.12798677,0.1314959,0.113043115,0.1213381,0.12063341
261,0.10691176,0.115528636,0.116774976,0.13061842,0.1279128,0.10973861,0.12432723,0.12130234,0.11793472,0.12155145
262,0.122376576,0.12559912,0.11223208,0.118484624,0.113475494,0.117122576,0.13212036,0.12127629,0.13990697,0.12513256
263,0.113148525,0.11270875,0.11651481,0.1138268,0.13684645,0.106085904,0.10961159,0.14601548,0.14825855,0.11505161
264,0.11954826,0.11913197,0.13450323,0.13255554,0.13797843,0.15414166,0.101185635,0.11541748,0.10548273,0.12089546
265,0.12217188,0.13853717,0.14377992,0.18595874,0.12186493,0.13751768,0.12093298,0.1253354,0.1277538,0.109366775
266,0.106731795,0.11714976,0.105506174,0.13321432,0.117866114,0.12594524,0.09858938,0.14033315,0.12815887,0.10620559
267,0.1113415,0.14106525,0.12455223,0.110389575,0.120874554,0.11121386,0.123041056,0.10709837,0.15290612,0.13041621
268,0.15028335,0.099086225,0.112390086,0.1261422,0.121675536,0.11400133,0.117357254,0.111158095,0.14811942,0.15185785
269,0.12082341,0.10966408,0.1509856,0.11973317,0.11494661,0.1330186,0.12639593,0.12253098,0.13314681,0.10236621
270,0.11033325,0.11114414,0.10946174,0.10504536,0.10483262,0.120454155,0.1274896,0.1514799,0.11996727,0.10276744
271,0.11385334,0.11830462,0.13082953,0.12841855,0.12128984,0.11287673,0.110639445,0.10597561,0.11431737,0.12737489
272,0.11603993,0.12725602,0.13465318,0.13973115,0.14879851,0.120824374,0.12541324,0.12963955,0.11440043,0.12339894
273,0.105265185,0.14737368,0.10556712,0.11365062,0.10412289,0.1404573,0.133934,0.10154238,0.13261558,0.11085961
274,0.11583601,0.12736589,0.120557524,0.113906786,0.12838072,0.11817524,0.14493361,0.12329234,0.14690803,0.10646261
275,0.11040631,0.120335996,0.12758924,0.113230705,0.12838092,0.11351508,0.1296068,0.12464197,0.15223894,0.13834372
276,0.1110284,0.1175362,0.114116505,0.10903,0.10307435,0.10990324,0.1057487,0.111962706,0.1121294,0.12908697
277,0.11845492,0.14045271,0.11640862,0.12129398,0.11100611,0.13120854,0.14112705,0.10344161,0.1250676,0.118465036
278,0.13710977,0.109725766,0.11935257,0.1470552,0.12343657,0.13185576,0.12684597,0.12260558,0.12294677,0.11361554
279,0.10760509,0.112027586,0.11950406,0.12120333,0.11801945,0.10474074,0.13093573,0.11160016,0.14477925,0.117198855
280,0.120423496,0.12301718,0.11309923,0.13726862,0.14572734,0.117243476,0.15005243,0.13287626,0.12504616,0.16396467
281,0.12439257,0.121675834,0.12615193,0.119486496,0.14776872,0.11891056,0.12914638,0.121517114,0.13716257,0.11111836
282,0.113334894,0.10945971,0.121856555,0.11536226,0.11941889,0.11091153,0.11854647,0.12030138,0.11459601,0.115773425
283,0.109447844,0.12601078,0.12985022,0.1385881,0.122565016,0.1176851,0.13739781,0.1239399,0.12893651,0.11268428
284,0.117655605,0.11730289,0.13092189,0.10845527,0.12724236,0.12133586,0.112558484,0.11876784,0.12101227,0.13424413
285,0.118654005,0.105077185,0.14551611,0.12022529,0.1294323,0.10588892,0.12846258,0.12601604,0.12336473,0.13937287
286,0.106685266,0.11698137,0.15926364,0.16494536,0.11588963,0.13312045,0.13839257,0.12459135,0.11202739,0.12361875
287,0.10185363,0.11367316,0.105368555,0.14804852,0.15226196,0.13141368,0.10565606,0.15042618,0.11804134,0.1163737
288,0.14042388,0.11307242,0.12501268,0.10861822,0.100440845,0.13043568,0.12125602,0.14389819,0.12053528,0.116217166
289,0.12328269,0.12030013,0.116873346,0.13521795,0.1180156,0.13801765,0.18753901,0.11653595,0.12897444,0.10976545
290,0.11827828,0.13709256,0.120464034,0.11663471,0.12655087,0.11900495,0.14032368,0.13860366,0.119681746,0.12102084
291,0.12274495,0.10261506,0.115592875,0.119093925,0.11607428,0.13799521,0.11218889,0.13237305,0.112731725,0.12442702
292,0.12012929,0.1159735,0.14895454,0.10934885,0.1294127,0.1151744,0.10818361,0.13724945,0.12606017,0.16269547
293,0.13293296,0.12127337,0.10537406,0.12228698,0.12562212,0.10314436,0.1281633,0.10948221,0.11037743,0.118007615
294,0.10864892,0.11919683,0.123288795,0.118937895,0.13803893,0.12539639,0.123940565,0.152239,0.10761671,0.13565215
295,0.15162463,0.1129954,0.123103,0.12820521,0.11981629,0.15853584,0.111453995,0.13039373,0.114618085,0.11275381
296,0.115285344,0.11980678,0.14029092,0.14334565,0.117224164,0.12523057,0.115299106,0.12027256,0.118687175,0.11561123
297,0.10801035,0.13034025,0.14047147,0.11042026,0.14699712,0.1261303,0.11451911,0.11297941,0.11324593,0.12050571
298,0.106025875,0.12678558,0.1130744,0.104897775,0.12626085,0.12358147,0.11730966,0.124904595,0.13542354,0.14218995
299,0.112803414,0.13000779,0.11179608,0.13763589,0.12452631,0.12337212,0.13615513,0.10699501,0.1242865,0.12126912
300,0.1108263,0.1461505,0.12315449,0.121890396,0.11317687,0.12177416,0.15862654,0.11185525,0.12540579,0.12229099
301,0.14258705,0.123494476,0.11320128,0.12166534,0.12588573,0.13073741,0.12443127,0.12779067,0.13486,0.13308361
302,0.10489833,0.1102069,0.14618465,0.13558778,0.102612555,0.121460296,0.105957076,0.11787452,0.11771572,0.14379886
303,0.13558544,0.1090461,0.12130885,0.13590108,0.14995219,0.11797629,0.09857871,0.14651886,0.12211622,0.121209234
304,0.10965611,0.11813043,0.10345816,0.10956617,0.1254215,0.12843446,0.10857898,0.14181969,0.10217176,0.10904979
305,0.12822299,0.104341514,0.10581203,0.1434991,0.10538411,0.106819205,0.10172341,0.109576926,0.14388643,0.1361891
306,0.116262466,0.11168371,0.1301882,0.1590779,0.15215439,0.11078273,0.1263718,0.11083103,0.117803425,0.107216276
307,0.11583023,0.10507807,0.108942404,0.12649429,0.12286955,0.12458514,0.119726084,0.1264193,0.11319624,0.13770433
308,0.1444557,0.11379443,0.11276585,0.12023464,0.12837873,0.11300219,0.11081691,0.13958344,0.116231725,0.12290967
309,0.12427171,0.16771099,0.11193316,0.119125515,0.10658633,0.10297465,0.10193347,0.12946977,0.13356495,0.10852774
310,0.12812378,0.124371216,0.13312218,0.12837121,0.11918158,0.12498155,0.12185139,0.12431775,0.11778529,0.13189155
311,0.11269124,0.15020946,0.11270452,0.11218919,0.11537457,0.11187109,0.122923836,0.11395396,0.119323656,0.14174047
312,0.1200599,0.14074981,0.1183547,0.11214341,0.108735934,0.1197011,0.12807208,0.12243109,0.118583776,0.10697643
313,0.129471,0.13405669,0.11299566,0.120697126,0.12766886,0.11761977,0.12464674,0.122087836,0.11554851,0.12742797
314,0.16861588,0.12261887,0.1060908,0.11801933,0.10834047,0.13183141,0.107282266,0.11415583,0.11858053,0.10289772
315,0.09950913,0.14270696,0.10994589,0.119053416,0.13257751,0.12369525,0.113531634,0.10968144,0.108872436,0.13306548
316,0.14334077,0.14147063,0.12163751,0.1267426,0.12723942,0.113956474,0.10712678,0.10584939,0.122711346,0.11859014
317,0.09950951,0.114077665,0.11456911,0.15290914,0.12285003,0.10432904,0.1337806,0.122979075,0.1334405,0.101710595
318,0.12649822,0.11488882,0.12803866,0.12414391,0.114705,0.11482922,0.109960444,0.11426154,0.12866077,0.12540962
319,0.15629725,0.13804634,0.129321,0.11717028,0.124921165,0.1264274,0.11209911,0.13210097,0.10985488,0.11249152
320,0.1251382,0.14799605,0.123133734,0.13364924,0.11266783,0.12267614,0.13179432,0.1417329,0.107615136,0.11463994
321,0.11073163,0.109026685,0.13975134,0.13517556,0.13238715,0.14144635,0.10563164,0.10885922,0.1098261,0.124174096
322,0.11436508,0.12629747,0.13989426,0.11162791,0.1317983,0.12419875,0.12833679,0.15428807,0.1249248,0.12877679
323,0.110276744,0.11761157,0.12144529,0.15134664,0.117527366,0.12888512,0.1059288,0.13279435,0.12781766,0.12052705
324,0.10833794,0.113626644,0.13528219,0.13305868,0.10779674,0.102266505,0.10519189,0.113001734,0.12020262,0.1301229
325,0.10641518,0.110304706,0.12771359,0.12277091,0.1307446,0.1402924,0.12326974,0.12095955,0.13822193,0.1506911
326,0.12098087,0.1058129,0.121703394,0.12496277,0.122245975,0.11791542,0.12996453,0.13225982,0.119334534,0.12403328
327,0.12404209,0.13000016,0.11563122,0.1370882,0.121766195,0.13510895,0.12738095,0.12322392,0.10653746,0.12016459
328,0.099812195,0.1624478,0.11867991,0.1164076,0.12911844,0.110310555,0.122275025,0.12577522,0.11648064,0.102029964
329,0.13430212,0.120340034,0.113835335,0.13784662,0.11923531,0.13827051,0.101602055,0.15307999,0.11914165,0.11484619
330,0.12583725,0.10656406,0.16941026,0.11866662,0.12022106,0.12003029,0.12040809,0.1422722,0.13752462,0.12378147
331,0.11424548,0.11068469,0.122048706,0.12129831,0.14115278,0.1132706,0.13896106,0.10734678,0.12585828,0.11598106
332,0.12894423,0.1034981,0.13117245,0.122350305,0.11359442,0.12619728,0.11541804,0.106035516,0.109105825,0.12018459
333,0.12684587,0.10912415,0.121730715,0.13279858,0.1318171,0.13221213,0.11349291,0.14226612,0.1177269,0.12063368
334,0.1093148,0.11777178,0.109336935,0.11400051,0.12837158,0.116876006,0.124115884,0.14051813,0.11143064,0.11922103
335,0.1380233,0.14538929,0.10495368,0.11400187,0.13549992,0.14047617,0.13612334,0.115075596,0.12438469,0.117900684
336,0.111306116,0.1325849,0.11093393,0.11618662,0.1417539,0.13902897,0.11505678,0.10987753,0.14548174,0.12686314
337,0.1207115,0.11730426,0.13115156,0.12721206,0.11542675,0.13486804,0.124905035,0.1206635,0.12354591,0.11390294
338,0.12461405,0.114732474,0.11102376,0.13689232,0.14093794,0.10837652,0.11224275,0.10766344,0.13357297,0.1197266
339,0.116131656,0.13457458,0.12140579,0.11536227,0.1308092,0.12482465,0.113839224,0.14735548,0.11440275,0.11554351
340,0.098906904,0.11878127,0.10919392,0.1076015,0.12236653,0.118360884,0.12862077,0.11525491,0.123340584,0.11565324
341,0.11210778,0.11770755,0.12406844,0.11095979,0.113150515,0.13001108,0.116762996,0.12644713,0.105942965,0.12047918
342,0.12159457,0.12823537,0.14505956,0.12211622,0.14427847,0.14475664,0.11341822,0.12144244,0.110589236,0.111561
343,0.13712026,0.1132239,0.12589931,0.111346655,0.13653179,0.11934235,0.12557197,0.11646352,0.11221878,0.14055581
344,0.1065141,0.13120154,0.109912425,0.10629218,0.12645926,0.13287516,0.10283765,0.15894791,0.12127492,0.13014743
345,0.11779326,0.13698322,0.14085048,0.14071721,0.11848597,0.13655667,0.1168429,0.10671683,0.12222197,0.12342259
346,0.105566956,0.13925132,0.13944913,0.117646955,0.11630048,0.12772554,0.1359043,0.11666364,0.11206639,0.108557194
347,0.11573368,0.10274506,0.12156135,0.11008026,0.12820186,0.10968218,0.118669435,0.15150964,0.12289497,0.15265048
348,0.12068964,0.101364605,0.10898288,0.13297997,0.13431677,0.12309918,0.13249944,0.118025005,0.16021767,0.10772979
349,0.11524962,0.118142955,0.10776083,0.10875517,0.10168025,0.12809691,0.10559249,0.11769088,0.13676941,0.113777086
350,0.14261617,0.13291673,0.115775675,0.13433406,0.111893505,0.119540185,0.11442798,0.118662275,0.12844756,0.13823381
351,0.14585626,0.10793822,0.123213075,0.125241,0.111777514,0.12008592,0.13968614,0.11833741,0.11418654,0.11575961
352,0.112261325,0.119347915,0.11736898,0.131878,0.114910945,0.12230632,0.12517239,0.12355778,0.11077944,0.106779456
353,0.1413847,0.13666992,0.11220459,0.1289511,0.10890953,0.11796185,0.12870345,0.122023076,0.12115459,0.12456484
354,0.117201686,0.13247661,0.10782214,0.12286822,0.128083,0.12672165,0.12620962,0.13010149,0.11922774,0.13404098
355,0.13928661,0.11756428,0.11118393,0.11359759,0.1107238,0.11366331,0.114470884,0.11826884,0.121944435,0.122378334
356,0.12656492,0.12707257,0.11527648,0.10526268,0.12573513,0.107564405,0.119962595,0.11065446,0.1148494,0.117007
357,0.13413814,0.13198729,0.11703169,0.13155672,0.10193677,0.12228127,0.11980721,0.12368491,0.12509006,0.1288976
358,0.11072418,0.11811906,0.13015288,0.124885894,0.1270417,0.11550443,0.11597423,0.114342354,0.116950944,0.10771325
359,0.14167762,0.11076559,0.11703844,0.12131191,0.1253716,0.118247405,0.11376544,0.10343969,0.13020127,0.116892315
360,0.111908,0.13262357,0.106928274,0.11015707,0.13200065,0.12738922,0.12093797,0.12032254,0.13929982,0.13827361
361,0.117188744,0.1286273,0.12435456,0.11340971,0.10701485,0.117623955,0.15689589,0.1177723,0.11794077,0.1437665
362,0.12080404,0.10921034,0.12633404,0.12290198,0.12521145,0.12466787,0.122651294,0.16044445,0.11740502,0.118722744
363,0.11011103,0.114286885,0.11231162,0.11754067,0.11737048,0.12170905,0.10928803,0.11429644,0.11841723,0.11914092
364,0.12395166,0.11925163,0.12681624,0.12536982,0.10478836,0.13337284,0.10742907,0.11970537,0.1558266,0.119009465
365,0.13417235,0.11135955,0.12514253,0.11742231,0.115506895,0.105204076,0.12915115,0.14762217,0.1290221,0.11873183
366,0.12222151,0.13997234,0.10065116,0.1283555,0.11823528,0.1273274,0.1319746,0.11465226,0.10643202,0.124687076
367,0.12290067,0.13767877,0.11709099,0.11526007,0.1191423,0.11310902,0.14460364,0.13073552,0.16452262,0.10233769
368,0.120957665,0.12218126,0.12119157,0.1257326,0.1238637,0.10674578,0.1214997,0.10965293,0.12832662,0.1120439
369,0.12432489,0.13008,0.11416192,0.118567914,0.15181786,0.09764816,0.1309991,0.1311753,0.10659003,0.11168812
370,0.12708387,0.1646748,0.13010901,0.13208692,0.11955162,0.15295598,0.10729116,0.11721666,0.12353899,0.10855724
371,0.13204634,0.13546056,0.106143534,0.121761784,0.12707976,0.16406214,0.13028234,0.10715368,0.117001176,0.1311344
372,0.13052362,0.13772938,0.11330871,0.11893195,0.123024344,0.13842534,0.102838084,0.10465914,0.10699181,0.12749223
373,0.11230562,0.12537651,0.12590022,0.12284576,0.1201762,0.11421772,0.102462344,0.12041918,0.11533423,0.13230196
374,0.12485723,0.11733781,0.11891453,0.12036429,0.122286186,0.13761453,0.10858165,0.12648094,0.10837594,0.119275615
375,0.12536858,0.1331684,0.13383293,0.13489601,0.13313426,0.11532274,0.1293894,0.12465282,0.1222622,0.11980125
376,0.116862014,0.14700523,0.16942519,0.14163248,0.13429767,0.11384638,0.11565497,0.11316396,0.13978295,0.11858652
377,0.1209939,0.114796475,0.11599198,0.11482477,0.11787714,0.14663512,0.097557984,0.122991204,0.11466423,0.123691306
378,0.11395195,0.12402921,0.11231815,0.112897605,0.12268653,0.13464104,0.13816336,0.11462858,0.10491119,0.10439401
379,0.11755674,0.13067997,0.11846866,0.14783993,0.1112915,0.13445297,0.12588088,0.12348914,0.11248192,0.12329147
380,0.116479345,0.115311146,0.11280978,0.1422072,0.11766722,0.116725355,0.11769225,0.13886794,0.15499707,0.13789645
381,0.1126464,0.1255228,0.12699404,0.12775616,0.10142872,0.110857084,0.12206978,0.13320595,0.1307227,0.09900993
382,0.13501322,0.12496589,0.11684653,0.11902352,0.13218305,0.10684098,0.11823274,0.121465184,0.12276832,0.15264376
383,0.15122645,0.11580302,0.11484132,0.12271827,0.11022222,0.12411384,0.118935265,0.120145686,0.11600728,0.12805651
384,0.114311434,0.13555352,0.11268178,0.14328906,0.13130951,0.12505817,0.11824754,0.10173738,0.11085378,0.11540358
385,0.1242348,0.11464475,0.12121995,0.12527607,0.11726324,0.10368393,0.12145899,0.1493886,0.13769922,0.11371837
386,0.11409511,0.15682599,0.11363772,0.10390849,0.1306822,0.12392159,0.1170462,0.12241733,0.11987236,0.09901623
387,0.12295956,0.12676749,0.109582655,0.10772574,0.11545181,0.12633476,0.11722225,0.11337333,0.1134172,0.15867428
388,0.1136871,0.12076856,0.12312044,0.11329985,0.11253589,0.12154199,0.118723355,0.12593257,0.10469654,0.12948465
389,0.11405274,0.13022466,0.10949312,0.12403865,0.11634508,0.12610501,0.11024062,0.13688439,0.12184048,0.14318429
390,0.12895833,0.1085612,0.15535136,0.10460134,0.11403977,0.110074624,0.11808199,0.10163922,0.1428125,0.10653752
391,0.15854327,0.13112827,0.1252765,0.11316673,0.12006129,0.11243893,0.11523214,0.15234771,0.12427193,0.11593412
392,0.109555855,0.13389537,0.11789228,0.11386736,0.11722341,0.1107745,0.12443447,0.12888566,0.123536885,0.1468972
393,0.111494616,0.12597404,0.14094603,0.11136377,0.12111113,0.13300017,0.120477095,0.114609934,0.12478407,0.118841596
394,0.10435168,0.106863864,0.12483242,0.10322602,0.11889108,0.11720203,0.116882525,0.119509615,0.121207654,0.10752077
395,0.112680726,0.124484375,0.11674278,0.113410994,0.11035642,0.11317195,0.11346151,0.12964866,0.11989954,0.1114959
396,0.108141154,0.11495405,0.12242665,0.1384825,0.113876596,0.10994705,0.11769946,0.10359011,0.14453308,0.12805536
397,0.11783928,0.11972044,0.12192043,0.14990003,0.111268364,0.1095974,0.10503538,0.14141044,0.112400055,0.10894115
398,0.11023332,0.12537734,0.13174695,0.123664886,0.12529264,0.13722724,0.13134798,0.12063621,0.12557985,0.12180951
399,0.1383439,0.12393136,0.1166545,0.11344576,0.10995442,0.105083734,0.12391399,0.15005197,0.13766974,0.11230011
400,0.14526103,0.11610599,0.12781799,0.111456245,0.12071692,0.11437749,0.11275193,0.11937812,0.10986168,0.12411749
401,0.12193536,0.118469834,0.106328264,0.12570494,0.12568985,0.10766345,0.15536371,0.12258419,0.1292392,0.16533524
402,0.114336446,0.10934142,0.13418174,0.118268825,0.110392526,0.10830685,0.12582137,0.13834837,0.119338766,0.12010649
403,0.12252831,0.13788283,0.11783319,0.11899237,0.12509292,0.11065015,0.14023095,0.10732757,0.112923294,0.120556384
404,0.12858388,0.124399126,0.1141095,0.115259394,0.09823267,0.118079014,0.10584447,0.114502266,0.13412467,0.118935294
405,0.10372593,0.11525506,0.11083244,0.12211552,0.1172578,0.11926865,0.14793515,0.103464134,0.15365669,0.14442545
406,0.12178093,0.10592863,0.1410898,0.116740085,0.112813234,0.10607796,0.122847445,0.113120764,0.1000285,0.12114757
407,0.12444918,0.10942749,0.12260653,0.09910719,0.121861175,0.13510898,0.1275049,0.13424775,0.15031654,0.12040715
408,0.11680639,0.11507606,0.11125968,0.13011141,0.12077347,0.12279985,0.12626748,0.1285942,0.13071747,0.17634681
409,0.13237576,0.11856185,0.1162464,0.12014741,0.14272495,0.12020851,0.11441145,0.16102976,0.11868608,0.12484186
410,0.12961213,0.11488058,0.13447234,0.12534344,0.1209905,0.13477814,0.13468881,0.11733479,0.106088005,0.12713301
411,0.12901479,0.12522934,0.123238906,0.12494475,0.11099314,0.12336464,0.112436965,0.108246565,0.1209064,0.110679656
412,0.14389528,0.11507027,0.1177416,0.10744199,0.11756969,0.12763445,0.12780848,0.13505672,0.10585339,0.10303138
413,0.13719425,0.12744512,0.1281243,0.117112495,0.11528252,0.10998953,0.12555929,0.12237549,0.105356716,0.13661289
414,0.119701624,0.12198848,0.12680326,0.115272485,0.1166904,0.10657321,0.10572983,0.10803668,0.12582728,0.123752624
415,0.17850965,0.15800707,0.14116806,0.1386351,0.113694765,0.115903296,0.10787432,0.11582605,0.13741961,0.119714916
416,0.1208709,0.11052963,0.12406601,0.10645708,0.11747344,0.11053782,0.12678292,0.11023089,0.10990893,0.11551165
417,0.118299685,0.14226857,0.11325347,0.12204787,0.12532759,0.111328885,0.120453686,0.12636672,0.12746093,0.122434616
418,0.1072332,0.124758795,0.111860156,0.1264701,0.11257744,0.12621816,0.115018375,0.10982384,0.10902391,0.1089098
419,0.13708419,0.12148581,0.13356547,0.10741776,0.10163885,0.15180779,0.10839255,0.11809917,0.10405645,0.1245205
420,0.13552171,0.10924289,0.1514928,0.1080466,0.1316716,0.11377308,0.11394029,0.124382466,0.12104665,0.120074406
421,0.118325464,0.1266292,0.12821491,0.10954737,0.11604248,0.10631058,0.119186684,0.107946955,0.11122663,0.11915232
422,0.13029283,0.1379514,0.11261758,0.11872303,0.103910096,0.12965646,0.13195129,0.11157778,0.118377656,0.13043419
423,0.12532789,0.1344753,0.119583726,0.12080167,0.11808964,0.1182921,0.114631854,0.11762896,0.11734556,0.11254608
424,0.12281925,0.10560825,0.13375647,0.1087987,0.12533394,0.09889705,0.12791193,0.124946505,0.1298649,0.12942663
425,0.11690973,0.1149286,0.1157683,0.119776845,0.13238175,0.11156945,0.10487296,0.1365187,0.11965701,0.1126529
426,0.122031555,0.12267407,0.11353472,0.13550733,0.11635879,0.11373092,0.124470666,0.11422068,0.11335334,0.117895715
427,0.107062295,0.105483204,0.103823714,0.13609487,0.16522998,0.10606124,0.1243251,0.13508183,0.098631725,0.14348395
428,0.11454469,0.12002235,0.1219836,0.10376448,0.10949302,0.11743538,0.11431631,0.113756835,0.14689608,0.11047453
429,0.12580356,0.13365807,0.11307249,0.10736831,0.118897125,0.1258026,0.13109,0.118417814,0.11569536,0.1343579
430,0.14145355,0.1372802,0.121374205,0.13173884,0.13021572,0.14300051,0.15294994,0.13103236,0.10924453,0.10675767
431,0.12267677,0.115882665,0.11455481,0.11419392,0.12172909,0.13493735,0.13629264,0.119196504,0.12502791,0.11545533
432,0.11246379,0.12562343,0.12878785,0.10989906,0.10859385,0.12544848,0.11122917,0.11974815,0.109614655,0.097776264
433,0.12007494,0.12581015,0.11050245,0.10875241,0.12027722,0.108222075,0.1192321,0.118592,0.11238575,0.10157684
434,0.111356094,0.111840606,0.10380575,0.12473194,0.101447314,0.127324,0.14208356,0.12569775,0.11345447,0.10489957
435,0.1318689,0.10813883,0.12126349,0.11587699,0.13114765,0.10901725,0.12846972,0.11453219,0.11226888,0.10621843
436,0.12820609,0.11024289,0.13405961,0.14811143,0.11903179,0.11333731,0.109301,0.14501244,0.10810608,0.120571785
437,0.11469634,0.10576828,0.124425076,0.12020033,0.1179757,0.122314125,0.13829783,0.1296693,0.13040945,0.1393132
438,0.124421835,0.11245656,0.126045,0.13095143,0.1291878,0.12812637,0.1403022,0.13316157,0.12914059,0.106256574
439,0.10058685,0.14172661,0.12030245,0.10582192,0.118550405,0.11372294,0.124156535,0.12079647,0.11179729,0.12179352
440,0.12662955,0.14125016,0.10562591,0.12016824,0.12946999,0.10776439,0.12562442,0.12508528,0.11572142,0.13790636
441,0.12647149,0.13949005,0.119241744,0.123658605,0.12613179,0.11128786,0.11608604,0.10776744,0.13400914,0.113572605
442,0.11687392,0.1306286,0.11609159,0.14702415,0.1070693,0.13823487,0.13820925,0.11196401,0.12424249,0.11951827
443,0.12564094,0.115243375,0.102801576,0.10794222,0.10996305,0.11328623,0.119529024,0.14574966,0.13972087,0.11578221
444,0.14015721,0.111631356,0.11342381,0.114963725,0.110010535,0.12070245,0.12573043,0.13308926,0.11047592,0.10932674
445,0.13167572,0.13058601,0.12029813,0.10374076,0.10697262,0.1369861,0.11655831,0.12369957,0.1157657,0.12915352
446,0.11874221,0.13668145,0.12234138,0.11157652,0.11913796,0.11791952,0.13051426,0.103304215,0.11679256,0.09962976
447,0.1413699,0.114530616,0.10276919,0.14492373,0.1571127,0.11132275,0.12802657,0.1155938,0.10435926,0.11039206
448,0.10494048,0.12155606,0.12207757,0.14008932,0.1212031,0.14329451,0.12113578,0.11445542,0.11558304,0.12500183
449,0.1305674,0.120473966,0.12040231,0.12833448,0.11432986,0.12981695,0.10772681,0.13938113,0.1192352,0.11480752
450,0.12979242,0.116243064,0.10891661,0.11444269,0.13616961,0.13424182,0.13237639,0.105925724,0.11720376,0.109748654
451,0.12168193,0.12408192,0.12108488,0.12528,0.10914905,0.13086477,0.12208796,0.13055815,0.14088935,0.12381871
452,0.10160663,0.12055552,0.14262944,0.117157996,0.14924943,0.10228484,0.10381153,0.11077539,0.124235414,0.1458095
453,0.113434605,0.11794516,0.1191507,0.10940939,0.13141154,0.11591128,0.120581985,0.1134281,0.11725993,0.1260175
454,0.11473238,0.148697,0.13615698,0.13112679,0.10595232,0.09776534,0.14103626,0.10989942,0.10156146,0.109613515
455,0.12697305,0.11878092,0.112636685,0.1296981,0.12121363,0.105453596,0.10825486,0.13217497,0.104877815,0.109855935
456,0.10839297,0.10441537,0.111578844,0.11747597,0.1157667,0.118205436,0.11089085,0.116205156,0.11133822,0.12892751
457,0.13611028,0.12069048,0.11114967,0.10807168,0.106279574,0.1259875,0.11921957,0.118167125,0.10956017,0.12298209
458,0.120099194,0.11028711,0.10920927,0.122296154,0.10141524,0.11070249,0.118126646,0.12372205,0.1308001,0.1143872
459,0.13361116,0.11293926,0.121100135,0.1506724,0.10850508,0.11101292,0.11135881,0.12100403,0.110934556,0.116482295
460,0.108947515,0.13565902,0.111910306,0.11615611,0.10952284,0.13162006,0.1281643,0.10470052,0.12427025,0.12959024
461,0.117612764,0.10766015,0.1456897,0.10670258,0.117418796,0.11703849,0.111417115,0.13143514,0.10864867,0.12611453
462,0.11899516,0.11675518,0.10347344,0.13993675,0.13246962,0.10974544,0.116488904,0.11071054,0.11955499,0.1099294
463,0.11267667,0.10519067,0.11777882,0.11552719,0.14355889,0.14374843,0.1378779,0.10515523,0.11895735,0.10624034
464,0.118170984,0.11534467,0.14166382,0.12701093,0.12169276,0.119432874,0.12175616,0.11513479,0.11883056,0.1264157
465,0.11506122,0.12340115,0.12150997,0.10565802,0.11350834,0.1490978,0.10129106,0.11393753,0.10966106,0.12014722
466,0.11620377,0.10802615,0.12486514,0.11639971,0.107987136,0.12637445,0.12678589,0.115320966,0.113200344,0.11362478
467,0.11388861,0.10803357,0.12690933,0.11222386,0.11169315,0.11718786,0.112766966,0.11196859,0.1173943,0.11697291
468,0.12332237,0.12753755,0.12657106,0.11841299,0.11866014,0.1246266,0.121311456,0.11374074,0.12708616,0.12176148
469,0.11692235,0.11154312,0.11951894,0.11155006,0.119729444,0.11606561,0.14196989,0.12275702,0.12205219,0.10937102
470,0.1227746,0.120719,0.120514005,0.12766427,0.12575898,0.11338432,0.109378666,0.12633683,0.1166766,0.1653644
471,0.10527823,0.11682907,0.12952133,0.10800849,0.121282235,0.1338471,0.109482154,0.12452991,0.116460964,0.11005058
472,0.10703333,0.098135844,0.116462074,0.10171905,0.13377327,0.12313165,0.107410274,0.114336014,0.11880787,0.114874125
473,0.14214617,0.12607962,0.103443906,0.1334796,0.1165318,0.12163861,0.12664151,0.118520185,0.124091,0.11331961
474,0.13366663,0.10936218,0.13224196,0.116220586,0.1285729,0.15982679,0.14287627,0.111147344,0.13198961,0.12290369
475,0.10760127,0.1161253,0.11964385,0.13713768,0.11495826,0.103714935,0.11521681,0.11171192,0.12276484,0.11747445
476,0.11436574,0.12257237,0.12670325,0.12144572,0.14241679,0.10907371,0.12293082,0.13240804,0.12083486,0.11784561
477,0.11870549,0.11670019,0.12246537,0.1335925,0.11265602,0.12927198,0.11930363,0.11760579,0.12904039,0.13691595
478,0.10680528,0.13981324,0.12885517,0.13260917,0.117827676,0.1195993,0.11069287,0.12341824,0.16439268,0.12597686
479,0.13325988,0.12869234,0.120235294,0.11428052,0.13292688,0.13968879,0.116419196,0.10552987,0.121127635,0.12295671
480,0.12590326,0.11897294,0.10347472,0.1119715,0.15052447,0.11117846,0.10879161,0.12757598,0.119869724,0.11284037
481,0.12178318,0.112841226,0.107254155,0.115973525,0.1168229,0.12111598,0.13088328,0.11544479,0.11761765,0.14566287
482,0.11441939,0.13237678,0.107662186,0.12482336,0.114424795,0.12663749,0.11645965,0.113035485,0.16366361,0.107326165
483,0.11201108,0.13379821,0.1449365,0.14067683,0.10841363,0.10727564,0.10865052,0.114830144,0.14661752,0.12586015
484,0.12229699,0.1161764,0.122494996,0.13930446,0.116935015,0.110818565,0.11828908,0.11967431,0.12845208,0.10349798
485,0.12723252,0.12147622,0.15976849,0.11569625,0.12601592,0.17111152,0.13458914,0.11064862,0.119912535,0.12417023
486,0.12700632,0.1489124,0.13528836,0.12115286,0.11273995,0.12576783,0.14056838,0.141993,0.12294429,0.11438257
487,0.120831214,0.12441643,0.1166413,0.1382539,0.10548891,0.10707263,0.12310964,0.13213433,0.10945186,0.10663839
488,0.12833968,0.12900259,0.12111172,0.11378266,0.14999142,0.1184994,0.13322245,0.11323814,0.12921682,0.09876102
489,0.12107271,0.11695434,0.111230195,0.111127526,0.109362334,0.116565146,0.109731525,0.14341691,0.11654578,0.124251336
490,0.11897532,0.11894618,0.12500432,0.10949095,0.123059034,0.12692925,0.10454939,0.124051414,0.11676341,0.12194008
491,0.10129736,0.12922174,0.1306541,0.11273533,0.12109499,0.11267063,0.1184912,0.16558056,0.117311895,0.10587284
492,0.12772468,0.10691196,0.11390591,0.13798624,0.10218576,0.12536784,0.11023587,0.1176333,0.113848686,0.15721226
493,0.14307138,0.11927824,0.11302805,0.11109507,0.10474029,0.113173485,0.10731509,0.121765524,0.119720764,0.13184358
494,0.112029,0.118320376,0.10695228,0.11569178,0.13517097,0.11162229,0.11675638,0.15760687,0.12198676,0.114160165
495,0.11591573,0.10599278,0.14134549,0.13839158,0.11849576,0.13042626,0.12533744,0.12346269,0.102427885,0.12044704
496,0.11318399,0.11198824,0.12766199,0.113350645,0.11864535,0.11800158,0.11841838,0.12146191,0.1141948,0.122936316
497,0.11559358,0.1073592,0.12073097,0.11949326,0.11351329,0.10499155,0.119455,0.10615322,0.14306895,0.1199903
498,0.11125544,0.13286833,0.11548537,0.13216943,0.11537089,0.1068272,0.12311753,0.106479876,0.1306768,0.11912956
499,0.10575104,0.10998084,0.12799004,0.14617413,0.10553382,0.11553401,0.12755416,0.118819125,0.11530883,0.12758484
500,0.112346366,0.10698916,0.1257027,0.12683094,0.14600474,0.12036705,0.12267343,0.11199362,0.11772978,0.11016607
501,0.12791787,0.13689348,0.113199696,0.11772175,0.13112918,0.108375885,0.14451662,0.1407397,0.1407307,0.10827161
502,0.11143719,0.11730701,0.11666049,0.12691757,0.12316613,0.112110056,0.11657784,0.107477605,0.13139597,0.12100275
503,0.13092119,0.11475787,0.13184795,0.106463425,0.13190663,0.106398225,0.120175,0.12679069,0.13023171,0.13360772
504,0.10918236,0.12185556,0.117529035,0.1102878,0.12962572,0.12562042,0.108746216,0.15256672,0.11937985,0.12399101
505,0.14004196,0.15117824,0.13261448,0.11533976,0.103740536,0.13025096,0.11032053,0.112823285,0.1146256,0.110025585
506,0.12824515,0.1325479,0.117478475,0.12828377,0.13993803,0.10190639,0.122627035,0.12392886,0.12696451,0.12541877
507,0.11792816,0.12674947,0.11801675,0.14059262,0.12656736,0.12377913,0.11598619,0.1355213,0.11409511,0.12407502
508,0.10939558,0.0971818,0.12050492,0.12386948,0.11673664,0.17166339,0.11828345,0.121560976,0.16483623,0.114773795
509,0.12838848,0.12576276,0.13136122,0.12438445,0.13110122,0.12644522,0.114804216,0.12373066,0.13557367,0.12112859
510,0.124839246,0.11434571,0.1141558,0.11444453,0.11064562,0.10330122,0.114447005,0.12173079,0.11654298,0.12849271
511,0.119958684,0.12969708,0.11830035,0.12029541,0.12340301,0.14329451,0.13025899,0.11941044,0.11158189,0.11639194
512,0.13583025,0.11020413,0.109909326,0.13191906,0.1384656,0.11363785,0.11573518,0.11238778,0.117328,0.15088734
513,0.13041915,0.17006621,0.109742574,0.122029945,0.10781835,0.09826327,0.11570722,0.12739442,0.13419574,0.115994245
514,0.11954673,0.10930659,0.11586423,0.13142346,0.12428944,0.122922346,0.13470612,0.14965436,0.13146237,0.11076327
515,0.12400255,0.10657771,0.1250622,0.115311675,0.12299393,0.13089435,0.11035508,0.1270714,0.12593502,0.1264879
516,0.12042578,0.11625463,0.1398991,0.11568171,0.12887497,0.104067534,0.13198495,0.11949597,0.1216259,0.13306716
517,0.15108612,0.14263134,0.113745145,0.11535898,0.114052,0.13270536,0.12650909,0.13192932,0.11964401,0.115106985
518,0.119525805,0.13086076,0.13227488,0.10510249,0.11865447,0.10434565,0.108387664,0.12052321,0.13578385,0.11453928
519,0.12902911,0.11473633,0.12029891,0.10865068,0.11688856,0.16098288,0.12341664,0.108947776,0.106751375,0.11124669
520,0.12020208,0.11090095,0.13805422,0.12368749,0.10767502,0.14913625,0.10978235,0.11934677,0.106781185,0.12473209
521,0.10837744,0.11579239,0.14020431,0.1356874,0.11780858,0.11112723,0.11969857,0.11300406,0.11278186,0.11706574
522,0.11852595,0.11189745,0.12343508,0.11907217,0.12649235,0.1435492,0.11243968,0.12291378,0.11880959,0.12924853
523,0.11236808,0.113298066,0.1221613,0.110328205,0.11182779,0.09735361,0.1349169,0.11398721,0.120814845,0.12909804
524,0.115979165,0.11967489,0.109366804,0.11130682,0.1193654,0.09944996,0.12720445,0.12536004,0.12069678,0.11924131
525,0.12599464,0.1038217,0.11729593,0.13303205,0.11280471,0.12567037,0.10941042,0.10877189,0.13037765,0.12164013
526,0.12162946,0.12612873,0.14100075,0.106325164,0.13613556,0.11677165,0.11941564,0.12503028,0.12168302,0.12469584
527,0.10905196,0.1517431,0.1261021,0.11064102,0.11944892,0.11710188,0.11156715,0.10687752,0.12111309,0.13045338
528,0.10932967,0.118809275,0.11770552,0.10973044,0.128542,0.12528211,0.12687954,0.122380465,0.10727866,0.13098343
529,0.120801,0.12537514,0.12061232,0.113046184,0.11107089,0.117336154,0.112047926,0.12810102,0.10903628,0.118010536
530,0.12611796,0.1229789,0.11896248,0.122012496,0.14118291,0.123058446,0.11507562,0.119880155,0.1325781,0.123640016
531,0.14458722,0.12847638,0.13112283,0.12189281,0.11297749,0.1171862,0.12042445,0.107684344,0.13855252,0.13223216
532,0.12811376,0.11465804,0.12717995,0.12602651,0.11215581,0.12118279,0.12740746,0.13142818,0.12219446,0.11855083
533,0.1125249,0.119509995,0.14497225,0.1290524,0.12478313,0.09841916,0.12510593,0.12673815,0.10823165,0.12553567
534,0.14464548,0.112501815,0.124521434,0.117650606,0.115152895,0.12187383,0.123065405,0.11396394,0.10587101,0.11458891
535,0.1117143,0.105277546,0.13392131,0.12966906,0.12276749,0.14773741,0.11475271,0.11165775,0.12094132,0.11452236
536,0.11949915,0.15060024,0.11713509,0.12090215,0.12599699,0.13157834,0.13998467,0.111063525,0.13558002,0.120851636
537,0.10884023,0.11624631,0.15335019,0.11462711,0.103497006,0.13927597,0.1240339,0.10703568,0.13835822,0.11583856
538,0.14241256,0.1461108,0.1176209,0.13558301,0.115754,0.14215867,0.1148946,0.12446978,0.116035305,0.12833986
539,0.13710573,0.13910092,0.12822792,0.11139279,0.12488175,0.10820483,0.12099402,0.113874115,0.12949666,0.1037642
540,0.11910574,0.12770508,0.121893615,0.12977208,0.13334906,0.13550793,0.16517963,0.10857015,0.17365783,0.10404444
541,0.113917105,0.11409538,0.113054335,0.12177774,0.15395083,0.12088317,0.13700007,0.117145754,0.13636261,0.115574725
542,0.10583487,0.106341936,0.106243394,0.12689479,0.12575966,0.12543553,0.12405713,0.11250989,0.117601916,0.14775781
543,0.115668066,0.106986195,0.11202008,0.11744583,0.10590597,0.111928605,0.13076527,0.12737708,0.11138131,0.1213277
544,0.12655476,0.11843499,0.12937951,0.11012685,0.10830491,0.124771625,0.13792364,0.11292506,0.11536151,0.118590854
545,0.12201297,0.14864208,0.109485246,0.1285383,0.10952984,0.116017155,0.106114656,0.12539823,0.121674776,0.12407084
546,0.11852008,0.11097394,0.11665277,0.10392796,0.12398769,0.12439409,0.12900048,0.11341542,0.1114192,0.12924977
547,0.11228039,0.11122709,0.116593525,0.11083868,0.123362735,0.1251433,0.12950316,0.12119044,0.15285434,0.11507387
548,0.11770989,0.13232276,0.11981779,0.12705547,0.11281912,0.119892865,0.14208661,0.12792473,0.13319023,0.11822766
549,0.14033379,0.1103432,0.11863004,0.13668811,0.14919579,0.104984775,0.120904155,0.12387502,0.103952035,0.12753294
550,0.117542505,0.108437456,0.13070343,0.12999657,0.13476066,0.13095734,0.10904952,0.117074825,0.10937591,0.10839079
551,0.124079034,0.11732201,0.12212594,0.12897933,0.10602496,0.12208484,0.14563179,0.117170095,0.12902322,0.12952189
552,0.14130665,0.12552842,0.122568324,0.12747623,0.11664677,0.11186915,0.149412,0.110690445,0.11903918,0.13420893
553,0.11680584,0.11585421,0.1189286,0.11269242,0.13119261,0.12622757,0.10457879,0.12872702,0.118050195,0.10814531
554,0.11438496,0.11216307,0.11866778,0.14885087,0.12835333,0.12908393,0.12344892,0.11981137,0.122249335,0.12890251
555,0.15574636,0.10429916,0.116954505,0.11475946,0.12100441,0.14019231,0.11282882,0.119694546,0.15747191,0.12651545
556,0.111518495,0.13512671,0.12546536,0.1411339,0.14092222,0.12741211,0.11063798,0.11517026,0.110049345,0.15260452
557,0.140012,0.10718018,0.102374166,0.12905793,0.115244895,0.12690602,0.11636166,0.15284744,0.13448752,0.1312742
558,0.115320146,0.14076701,0.10728431,0.12512279,0.108516484,0.1268905,0.10194058,0.11018203,0.1076119,0.13364632
559,0.105521455,0.104068786,0.11248513,0.12243959,0.10992715,0.12751015,0.12809272,0.106692046,0.1225492,0.1543662
560,0.11026691,0.11685391,0.12082273,0.12763397,0.13010918,0.13908668,0.10684909,0.12533689,0.124258295,0.121859886
561,0.112762704,0.104662806,0.12854177,0.11858007,0.120735966,0.12554991,0.12139961,0.13237908,0.12295264,0.1125449
562,0.14820433,0.1353089,0.13808154,0.16169706,0.13180824,0.12966956,0.12313482,0.12739885,0.118039235,0.12707643
563,0.11626024,0.11064245,0.11782654,0.11120749,0.12465687,0.12134575,0.13009459,0.114427954,0.11374013,0.10687488
564,0.13599202,0.11084306,0.10883448,0.10767857,0.103820115,0.10290436,0.13451372,0.13527054,0.12000489,0.14458697
565,0.13630174,0.122363135,0.11443476,0.10721317,0.11975114,0.11150184,0.12123952,0.12601045,0.11706179,0.13898659
566,0.121013746,0.115560696,0.12013182,0.119459145,0.11535874,0.13229112,0.112081796,0.112724364,0.13003322,0.1204572
567,0.1194057,0.123425595,0.122884735,0.10948116,0.12716416,0.12310772,0.122094,0.11500711,0.12398352,0.11580949
568,0.12185039,0.13201296,0.10098404,0.12257187,0.1425604,0.12917453,0.1102508,0.15904504,0.12685181,0.16249885
569,0.119573474,0.11991577,0.13423489,0.1229141,0.13263781,0.11188098,0.1273656,0.12168582,0.11470251,0.11325313
570,0.11012201,0.11211984,0.11412183,0.11987297,0.12693444,0.13654248,0.112201065,0.13443607,0.1219143,0.12593296
571,0.112173274,0.1363482,0.13038,0.15098052,0.12524997,0.13853434,0.11622801,0.14533225,0.11952983,0.10516659
572,0.10757923,0.10956986,0.10526383,0.13457514,0.13593599,0.104830794,0.16661455,0.12734446,0.12319878,0.11245393
573,0.13599508,0.1120468,0.11633423,0.11986131,0.1240056,0.11791607,0.12548184,0.11465156,0.14286947,0.13268399
574,0.110537544,0.16505907,0.11489568,0.117714584,0.11119761,0.12356739,0.123919085,0.12310986,0.12239492,0.11916509
575,0.111228675,0.13319331,0.11097639,0.1103771,0.109945,0.123840205,0.111367226,0.13216306,0.14622553,0.114426225
576,0.113812864,0.1323725,0.12532866,0.11037176,0.098918006,0.14333439,0.11468891,0.15608269,0.11460562,0.114088535
577,0.14702293,0.11795159,0.12382136,0.120982885,0.118928514,0.11958015,0.11801105,0.12418722,0.116060756,0.14988092
578,0.13242973,0.1328192,0.11878039,0.112073705,0.1449768,0.10624516,0.1220765,0.11301701,0.122086726,0.11472106
579,0.112090565,0.13038245,0.15218093,0.10930413,0.13151455,0.103762805,0.12549125,0.11192422,0.10804634,0.121439196
580,0.10319084,0.12412523,0.13393798,0.12890254,0.10984565,0.123313025,0.11933813,0.11713277,0.12925439,0.1296011
581,0.13097738,0.15041687,0.12059538,0.12946725,0.11997869,0.110600054,0.13073388,0.1047309,0.13635057,0.13294445
582,0.118279904,0.12258915,0.12201983,0.109404095,0.104265735,0.112280905,0.13041045,0.14926413,0.12664302,0.11639223
583,0.10837484,0.11656171,0.11561139,0.101432085,0.10473197,0.12550834,0.12716337,0.1425789,0.11526668,0.109885156
584,0.13490455,0.12571838,0.11723955,0.115726106,0.10654032,0.12983112,0.120760515,0.1275326,0.118430674,0.12425622
585,0.13996845,0.14307292,0.13259688,0.116390884,0.12327261,0.12861384,0.12109831,0.123027205,0.13114843,0.12374931
586,0.12514098,0.14544395,0.11399458,0.13044032,0.11887053,0.10328287,0.12428382,0.115764245,0.13801391,0.120016485
587,0.114592746,0.11016089,0.105251834,0.10764238,0.10889668,0.10725515,0.1278173,0.14867307,0.11446264,0.13188449
588,0.13344026,0.111276366,0.109119095,0.10639024,0.12695228,0.11340153,0.14044169,0.11630586,0.10131456,0.108567886
589,0.13712378,0.12247452,0.113303654,0.115503,0.12028237,0.1307348,0.13365665,0.13053335,0.123870805,0.1101712
590,0.11364007,0.120479204,0.11874796,0.1213161,0.122259215,0.124142714,0.12701926,0.12504978,0.13106762,0.103805386
591,0.112919964,0.11928148,0.123645335,0.12157928,0.12544575,0.12548956,0.11248735,0.10377948,0.1392344,0.13449347
592,0.12281496,0.1222703,0.117848136,0.11791305,0.11874386,0.1277285,0.1340944,0.12374192,0.12309012,0.12686363
593,0.12326324,0.109020784,0.123085886,0.12181778,0.14285818,0.14706728,0.13031134,0.1169623,0.12357463,0.12508196
594,0.14180148,0.14190695,0.116481654,0.12809101,0.106968775,0.113495365,0.12662818,0.10412246,0.10891419,0.11863111
595,0.1117528,0.10633662,0.11610018,0.122735344,0.1414496,0.13317713,0.14234665,0.11431442,0.10988353,0.11143773
596,0.119999856,0.110722356,0.13189751,0.11025049,0.120195635,0.13630418,0.116748646,0.11012653,0.113657154,0.15955026
597,0.13429305,0.13078539,0.12065265,0.12091989,0.11652912,0.13190785,0.14072272,0.1127592,0.1165481,0.11619758
598,0.13823168,0.11581934,0.11013195,0.13336605,0.123624444,0.13334458,0.13481987,0.12113674,0.13772103,0.121157184
599,0.11186284,0.110995576,0.104442455,0.121693775,0.10689221,0.14444396,0.117533244,0.118964985,0.11793667,0.114804715
600,0.11259047,0.11899045,0.11671837,0.110963255,0.13289702,0.111070566,0.132365,0.122038424,0.1271341,0.113418356
601,0.11862095,0.1255604,0.123908766,0.11888621,0.1309755,0.12222073,0.13313116,0.11134504,0.110742226,0.12034955
602,0.12055643,0.12375432,0.12236783,0.10953051,0.114425935,0.11485261,0.102096714,0.1212995,0.12459551,0.10998149
603,0.14189026,0.11701171,0.13085735,0.11025299,0.16282979,0.11518839,0.13805072,0.14474894,0.11204685,0.11886358
604,0.11189249,0.11332095,0.15591049,0.1209377,0.10365565,0.12841998,0.10790105,0.122270525,0.13415949,0.1315355
605,0.13449346,0.14808723,0.11429003,0.11113417,0.11090149,0.108009,0.12429554,0.13525042,0.15260252,0.119429685
606,0.098970175,0.11088631,0.1099861,0.11313683,0.10689384,0.14053948,0.12345484,0.11586859,0.108181186,0.11323804
607,0.1077043,0.11704172,0.13156503,0.10928792,0.13509104,0.12240678,0.13136254,0.14568056,0.10842173,0.11311604
608,0.11037917,0.11009753,0.10567388,0.104611635,0.117692344,0.11528723,0.1673781,0.12418446,0.11448616,0.127388
609,0.14552385,0.10649471,0.1290548,0.124820285,0.10519953,0.12465063,0.1295239,0.13423814,0.1130176,0.13397798
610,0.11144408,0.118806966,0.12707393,0.15472575,0.11026624,0.11333902,0.1271093,0.12337199,0.110902205,0.11753722
611,0.12638612,0.15994251,0.13196896,0.111641616,0.12127895,0.11242454,0.1291368,0.13639806,0.11959076,0.106066845
612,0.114003405,0.11418049,0.11527764,0.12658095,0.14926328,0.12343771,0.13050576,0.114622064,0.13604662,0.12707473
613,0.13320318,0.13666223,0.108594485,0.12790732,0.113124564,0.115969904,0.12616046,0.12047796,0.119814426,0.10347992
614,0.0982296,0.11979141,0.12750219,0.1290895,0.11547795,0.1273369,0.11979893,0.12403858,0.11593571,0.1259639
615,0.11305621,0.13246909,0.11986461,0.09891614,0.11850068,0.1030022,0.12145335,0.13778631,0.11792346,0.10847044
616,0.11668831,0.10508911,0.11734673,0.12909994,0.11179543,0.12479359,0.12519711,0.12250155,0.13339853,0.13823867
617,0.12210485,0.1151206,0.12261381,0.115833044,0.11084004,0.121687464,0.1129401,0.1224965,0.10325281,0.11671691
618,0.11112371,0.11807154,0.10328883,0.11358769,0.12243244,0.11999249,0.11440711,0.119326904,0.109592564,0.12429856
619,0.14630458,0.11139023,0.110469624,0.12215802,0.12650146,0.13671649,0.111104906,0.14905323,0.11016871,0.1176869
620,0.12473467,0.09724145,0.11552508,0.14142449,0.11592806,0.11199809,0.12637186,0.10514922,0.11176579,0.11506347
621,0.11332662,0.1301628,0.10922988,0.1130998,0.14653589,0.12771654,0.13792683,0.11024947,0.13538398,0.13267983
622,0.11828064,0.13033986,0.13637295,0.11641882,0.1322266,0.12797147,0.16007057,0.14332628,0.11591355,0.13313444
623,0.120332055,0.12619242,0.1145765,0.13579777,0.121129915,0.15521233,0.12426513,0.11652338,0.11342868,0.10774019
624,0.10737326,0.116853416,0.12609069,0.13581441,0.116417564,0.11276941,0.11340746,0.13553455,0.10692002,0.13492273
625,0.11383554,0.120057724,0.10984667,0.14593005,0.11948073,0.12248528,0.12760055,0.12157537,0.13106617,0.10847594
626,0.119506255,0.12250988,0.1345083,0.13559735,0.12704304,0.124873884,0.10943177,0.114749745,0.12377709,0.15028793
627,0.11399877,0.1317786,0.1290225,0.13947883,0.1073637,0.12372832,0.1393951,0.12987444,0.10824843,0.13657235
628,0.10462184,0.11811416,0.1524068,0.1147404,0.11201811,0.1073489,0.14376202,0.118563175,0.12229407,0.13133296
629,0.12101485,0.119615406,0.13945493,0.12397882,0.12630162,0.13132891,0.13281338,0.11174323,0.11431714,0.12453284
630,0.0985686,0.113490015,0.12953874,0.1190446,0.1061735,0.11304836,0.14432177,0.12689877,0.11794921,0.111565314
631,0.12694299,0.12151323,0.112603605,0.13445924,0.13028328,0.12267282,0.1187101,0.10630748,0.11043218,0.12319883
632,0.10568866,0.11448902,0.12690356,0.14812705,0.14079402,0.114451125,0.10354475,0.13202165,0.1244026,0.11720952
633,0.11397527,0.13339779,0.10973176,0.11975089,0.11374742,0.12794478,0.1396115,0.13178886,0.123547316,0.14754164
634,0.115660265,0.1198494,0.11922659,0.10986635,0.11603785,0.12430985,0.111893095,0.12093857,0.114493854,0.12719028
635,0.120818295,0.11465817,0.10326172,0.1132472,0.107978225,0.10471432,0.15054026,0.13183776,0.12138582,0.119404316
636,0.10801169,0.13169989,0.17026213,0.11792463,0.12204094,0.11623692,0.12714541,0.1141659,0.12695995,0.127101
637,0.12384433,0.11329727,0.12859562,0.13138689,0.12551737,0.12239017,0.124482825,0.13731986,0.13325943,0.13504502
638,0.122092746,0.11680165,0.15723583,0.13472216,0.10801431,0.1207761,0.120818384,0.11012671,0.114458196,0.11225834
639,0.1179587,0.12147214,0.104465395,0.11559334,0.12176099,0.1131391,0.13890319,0.12050084,0.12713921,0.123454735
640,0.12262119,0.14806682,0.10597643,0.12070698,0.13290745,0.12142073,0.1171329,0.11921866,0.13077931,0.1366025
641,0.105224855,0.13801655,0.15325102,0.11317362,0.13093984,0.13254057,0.12722507,0.12757069,0.13089357,0.1684532
642,0.14284922,0.13563633,0.13163811,0.105709165,0.12621701,0.15267351,0.14609027,0.11386657,0.13090044,0.12538606
643,0.11617315,0.11546065,0.12208769,0.13256404,0.1113445,0.116177395,0.11916272,0.13285293,0.11756082,0.15934359
644,0.117039405,0.12302773,0.12814663,0.099141486,0.115172505,0.11727439,0.12152008,0.123781145,0.113705486,0.13492185
645,0.11914882,0.12759674,0.10933474,0.11869141,0.10541976,0.11454487,0.11061475,0.1276321,0.12909122,0.119925246
646,0.11585887,0.10816225,0.1178919,0.12946035,0.12440834,0.13492262,0.12621222,0.13106328,0.13807364,0.1208839
647,0.12185708,0.12147844,0.12255095,0.12007877,0.10207957,0.13536575,0.13609493,0.11578797,0.12067507,0.14486372
648,0.11448252,0.12528318,0.11379892,0.10784065,0.14046341,0.106236875,0.124878645,0.11384004,0.11903704,0.113186225
649,0.12399691,0.11590306,0.1272782,0.12768869,0.110595495,0.13086942,0.1286957,0.13267952,0.12838398,0.12858516
650,0.11118251,0.1206338,0.114448145,0.12207414,0.121988714,0.13225497,0.14557004,0.10675954,0.12956724,0.122114405
651,0.13921537,0.11554469,0.12805302,0.11598261,0.12080151,0.10911503,0.112265125,0.12390438,0.12018648,0.14012957
652,0.13041069,0.10974181,0.10759631,0.13647677,0.1199944,0.14906013,0.1268892,0.13183698,0.12445464,0.122985244
653,0.12478628,0.13347712,0.1221849,0.11887015,0.117316395,0.12008993,0.12579554,0.14718886,0.13294822,0.11183367
654,0.12583776,0.13116089,0.14305516,0.14851631,0.11871627,0.11142807,0.18381974,0.106735736,0.11387658,0.14087793
655,0.11243875,0.13356099,0.10705507,0.14793862,0.12729275,0.11388926,0.112752154,0.12013135,0.12166995,0.12742198
656,0.15588312,0.11310901,0.14024928,0.110780954,0.120356746,0.13610615,0.12369801,0.12816805,0.1321803,0.12151441
657,0.11042163,0.11140178,0.12253998,0.12225686,0.10855095,0.12973228,0.119364865,0.10973342,0.14292508,0.12323011
658,0.14057106,0.123059444,0.11422675,0.1223024,0.11880661,0.112670094,0.11121914,0.1336086,0.11095762,0.12993327
659,0.12575567,0.12325659,0.109983236,0.12009882,0.11908631,0.120605685,0.12145359,0.12260362,0.114099964,0.117270246
660,0.1152321,0.11628236,0.13251331,0.11725012,0.1371957,0.10629444,0.11497399,0.12424519,0.10389238,0.13220806
661,0.122151256,0.11628089,0.124948055,0.12826653,0.10551548,0.1280882,0.11823898,0.11065679,0.12161443,0.10585819
662,0.12548435,0.10280998,0.09825656,0.111689225,0.10058003,0.12904324,0.11309968,0.13599479,0.11787275,0.13385428
663,0.107989416,0.10678436,0.118605234,0.10936827,0.109256625,0.12881492,0.11883871,0.12581119,0.12231531,0.106908046
664,0.10807365,0.1288155,0.10987487,0.11849373,0.118437044,0.12968627,0.117114335,0.16357718,0.11921041,0.13094628
665,0.13150164,0.13122606,0.12206415,0.10785532,0.13854492,0.114894636,0.13160977,0.11560545,0.105775855,0.11742774
666,0.13751397,0.13508753,0.10715125,0.118795715,0.12354389,0.111788176,0.1170902,0.12432266,0.12839136,0.11865442
667,0.13222803,0.1267239,0.12440726,0.1324496,0.118830256,0.11567539,0.13739297,0.11326879,0.14013842,0.114593446
668,0.10216824,0.14321472,0.12776057,0.116300166,0.12011079,0.12574604,0.12173157,0.13684607,0.13121986,0.13136876
669,0.14276367,0.14682129,0.14517248,0.11924988,0.13425076,0.14392437,0.12102151,0.10917592,0.11228383,0.13819057
670,0.110753134,0.12015574,0.1610012,0.12684032,0.12686118,0.10295569,0.12631683,0.12977506,0.12666187,0.10866921
671,0.13083923,0.11460868,0.1138394,0.112170786,0.12710828,0.12624836,0.122990444,0.13659984,0.13062449,0.14319599
672,0.12772341,0.14170519,0.12972239,0.13422559,0.12031854,0.14089729,0.13520585,0.11113662,0.11675746,0.12275514
673,0.11074566,0.116089135,0.14092572,0.10925715,0.11565556,0.11785517,0.11406219,0.12813935,0.10904648,0.121069476
674,0.11548326,0.124747634,0.11568214,0.11015718,0.12374264,0.12869361,0.13173291,0.10594413,0.11652653,0.12011817
675,0.13173223,0.14324209,0.108624175,0.12851444,0.103527926,0.12029825,0.13339576,0.12570493,0.109644696,0.1308569
676,0.12352876,0.13009974,0.111511536,0.12138355,0.12789218,0.12164961,0.12221092,0.12459111,0.11720034,0.123467535
677,0.13385625,0.10775878,0.14843383,0.13251372,0.12589753,0.13056988,0.119417205,0.11371234,0.09778096,0.11926942
678,0.10983329,0.11297654,0.112357855,0.12146035,0.10850735,0.13456246,0.13836665,0.11835797,0.10753822,0.1165389
679,0.11396617,0.12660392,0.13873686,0.11741493,0.11344948,0.14562118,0.11923319,0.11087653,0.11675933,0.12548101
680,0.11835869,0.111283585,0.10387702,0.107076466,0.13806784,0.12467688,0.11838514,0.11310157,0.11675455,0.11841655
681,0.12326109,0.14362596,0.14488408,0.113846265,0.12853387,0.1258975,0.104073584,0.12154671,0.14391285,0.11987705
682,0.10679571,0.11243577,0.11505598,0.10203995,0.11725461,0.14287019,0.10687974,0.11756638,0.123824626,0.12642363
683,0.1052253,0.13822608,0.12315861,0.117934525,0.104408965,0.11333044,0.16298696,0.11724563,0.11626884,0.12103416
684,0.1392599,0.12999669,0.10797907,0.11677724,0.103624076,0.1433448,0.11121139,0.14654301,0.114207916,0.12905706
685,0.14053485,0.13408104,0.12430103,0.12976465,0.13219884,0.10957935,0.10853903,0.11941588,0.12444254,0.115902215
686,0.12411013,0.115917526,0.115636215,0.120655105,0.11698148,0.1039096,0.115630805,0.13234125,0.13020317,0.15783757
687,0.15249151,0.13232052,0.11899066,0.13099545,0.13659169,0.1501247,0.12614767,0.1204417,0.115961224,0.123491794
688,0.10910552,0.10552946,0.11918991,0.14311208,0.103440434,0.14100505,0.12737286,0.116450205,0.12976217,0.11754605
689,0.114312656,0.14417887,0.12305808,0.10461028,0.123283714,0.1251483,0.1108032,0.1276561,0.11642881,0.1244801
690,0.15174197,0.1512836,0.14025174,0.12057857,0.11776796,0.10474146,0.14891599,0.12978792,0.11560576,0.112558454
691,0.10967514,0.124460675,0.11713478,0.12178912,0.1291598,0.10719661,0.10649873,0.11606682,0.12338243,0.12090834
692,0.14016199,0.14087406,0.12713628,0.11966585,0.103432864,0.119374186,0.111457676,0.12944429,0.121627375,0.12743084
693,0.108118385,0.113610074,0.15020216,0.17187285,0.11179999,0.13257739,0.13195199,0.14512795,0.15912406,0.12640524
694,0.11544365,0.116593346,0.1213838,0.1002333,0.13305742,0.10896281,0.1276785,0.13182852,0.12089588,0.11744595
695,0.12080251,0.122504905,0.11100775,0.11092319,0.115161285,0.11023692,0.10989974,0.11735084,0.13851672,0.121588826
696,0.116264254,0.1431935,0.11232424,0.1191859,0.13012794,0.14457463,0.14156,0.1136034,0.123456836,0.12764136
697,0.14107421,0.12135272,0.1648183,0.13188069,0.12372354,0.11680008,0.11602463,0.12711865,0.11480652,0.14908996
698,0.12185681,0.12947173,0.12037696,0.116375774,0.14321807,0.11321771,0.13151845,0.106509134,0.11948695,0.11048885
699,0.12985878,0.115386724,0.11645174,0.11974834,0.12025437,0.15030745,0.123046026,0.114895515,0.11940696,0.13259391
700,0.11883238,0.116292164,0.13253611,0.14366952,0.12620026,0.13318914,0.13289624,0.1135456,0.111527085,0.12269723
701,0.12117504,0.11548789,0.130242,0.11489195,0.15080434,0.12092113,0.1303959,0.12367612,0.13263345,0.10556184
702,0.12047762,0.11496325,0.10997335,0.118457615,0.13279763,0.13250878,0.1218313,0.1263125,0.110103235,0.108944796
703,0.123408005,0.13437,0.11364259,0.112167925,0.11406156,0.13784175,0.117051765,0.109994225,0.12692286,0.114496246
704,0.1120376,0.12948096,0.12684251,0.119139984,0.13075724,0.10474343,0.10350889,0.110355124,0.11465595,0.12418591
705,0.11477686,0.12050988,0.13235095,0.12687454,0.12906125,0.12305916,0.10064746,0.1558896,0.13714783,0.117370024
706,0.11173068,0.12626052,0.10707591,0.1262421,0.09927851,0.12128727,0.1341799,0.11685228,0.1360023,0.12636632
707,0.11952159,0.11272845,0.118146755,0.11366823,0.11152816,0.12058844,0.10594177,0.11297533,0.13816163,0.11449485
708,0.13621743,0.14258154,0.160916,0.13034578,0.10975036,0.116842814,0.12213335,0.11721739,0.1373031,0.13198315
709,0.1073149,0.11897767,0.12111924,0.11239371,0.113468796,0.11370962,0.1277304,0.1355283,0.14502037,0.13253859
710,0.12904485,0.12188244,0.1781591,0.123216264,0.117116526,0.124533385,0.12826493,0.12783486,0.11091046,0.13484423
711,0.11757802,0.13500687,0.11989465,0.11778548,0.1175131,0.12298913,0.12812397,0.11135198,0.11358825,0.113299474
712,0.13197277,0.12724082,0.113735974,0.10818647,0.1222091,0.12767941,0.124515235,0.11806452,0.10956862,0.114028394
713,0.13206425,0.11345097,0.10896569,0.11651734,0.13043226,0.12622127,0.10586062,0.12812081,0.110201076,0.12560889
714,0.16096748,0.15074691,0.12802364,0.13961144,0.12307374,0.17261459,0.110684454,0.13471878,0.111797854,0.1213088
715,0.11799274,0.11272892,0.15853299,0.10995261,0.15096717,0.14655934,0.14865439,0.12587142,0.12563756,0.11196235
716,0.10603307,0.12851483,0.12508419,0.11796028,0.119358465,0.11793636,0.12980254,0.1495077,0.109453954,0.14937308
717,0.13939989,0.099146575,0.15170988,0.11432861,0.123955116,0.10725827,0.13026932,0.12073366,0.116426915,0.10652194
718,0.10997545,0.10854606,0.12758745,0.1337367,0.12295319,0.11685297,0.12659541,0.15707129,0.13735937,0.12866944
719,0.11828242,0.122845106,0.13512541,0.11561672,0.1331918,0.12922087,0.13354105,0.13302755,0.117098555,0.1139705
720,0.14240651,0.12577033,0.11815491,0.115474984,0.11470603,0.12508017,0.12685373,0.1289014,0.119700775,0.11336338
721,0.10904611,0.17657171,0.11728439,0.10264301,0.12551382,0.12174951,0.09892856,0.13044034,0.12076032,0.114130735
722,0.11152968,0.09686626,0.099701844,0.11740245,0.10771091,0.14646642,0.11976818,0.11680955,0.113246694,0.11381672
723,0.15742224,0.12401175,0.123751804,0.1257236,0.11116897,0.11246115,0.17155822,0.12529783,0.124704584,0.12651508
724,0.1448055,0.13697127,0.121711515,0.16918327,0.113724306,0.13172135,0.11001569,0.11490186,0.13641745,0.11760983
725,0.12564556,0.11089256,0.1442019,0.11730486,0.13597058,0.11092,0.12876904,0.11448786,0.13492498,0.119583294
726,0.12782966,0.119549304,0.12023547,0.11119598,0.11191909,0.1212325,0.12715,0.10633543,0.11374348,0.14312145
727,0.11252974,0.14868775,0.11863117,0.1350629,0.11274423,0.13224122,0.12687588,0.13696897,0.1279574,0.116251156
728,0.10374917,0.11871806,0.116595566,0.12727608,0.11734728,0.10831849,0.11497122,0.12323471,0.11144471,0.1361524
729,0.12056742,0.12791097,0.11852726,0.10998008,0.12193415,0.11399542,0.109948374,0.14787164,0.1320315,0.14728862
730,0.14381805,0.11605386,0.12709944,0.11341189,0.12768234,0.11213344,0.12959029,0.15700568,0.1073043,0.11858703
731,0.13140215,0.12585041,0.13929936,0.13731803,0.123868965,0.122920714,0.12593655,0.121271916,0.10382885,0.12487286
732,0.108338885,0.10648571,0.14269452,0.12045148,0.13567626,0.11746721,0.11903094,0.13162945,0.11706667,0.121018894
733,0.13273749,0.12595943,0.12939967,0.10910295,0.11361152,0.119524725,0.12931688,0.111681014,0.13812517,0.115294866
734,0.12220594,0.11489549,0.14212987,0.12731777,0.12800804,0.12330405,0.116548814,0.12235528,0.11862004,0.14360318
735,0.1093852,0.1390616,0.11108419,0.11535812,0.12499219,0.118208796,0.1227797,0.12265014,0.12353892,0.11368644
736,0.14501972,0.13664241,0.11510916,0.14879553,0.12312534,0.117328875,0.11145684,0.111771815,0.13989468,0.17457408
737,0.105763845,0.12643394,0.11267407,0.18615404,0.15162274,0.12079181,0.106365815,0.109089375,0.12937938,0.13402945
738,0.109200664,0.12604317,0.12621565,0.14115866,0.101662025,0.10870069,0.13712206,0.119289376,0.12600823,0.12519914
739,0.14017016,0.15703796,0.12140557,0.12001709,0.10130378,0.14625606,0.10293123,0.12756847,0.12924108,0.15266368
740,0.11664556,0.13686262,0.11818455,0.10065427,0.13056734,0.14246225,0.15549906,0.116468415,0.124296606,0.1396136
741,0.11372751,0.11069677,0.12590876,0.11703819,0.107456736,0.14980954,0.117592394,0.17316343,0.10409083,0.13669318
742,0.12447627,0.11413893,0.11169565,0.11688074,0.11289884,0.13021287,0.16081758,0.11956142,0.12350294,0.14486495
743,0.11530776,0.11475392,0.11691043,0.13207808,0.12576531,0.12127069,0.11927745,0.13367371,0.14206895,0.13489844
744,0.13262387,0.10414457,0.119910866,0.12189755,0.13420326,0.108852044,0.14169477,0.108249485,0.13873559,0.11838465
745,0.14554952,0.11413558,0.11059585,0.11412022,0.12787956,0.10882845,0.11140467,0.13727918,0.12550068,0.12215655
746,0.119399935,0.11204041,0.13323157,0.11530359,0.11859092,0.11770617,0.110254824,0.13027994,0.12482204,0.11105227
747,0.12238398,0.13898234,0.13549823,0.117756315,0.10766334,0.13057792,0.12209021,0.1137536,0.11673063,0.13744083
748,0.13414565,0.13980688,0.13421597,0.11991248,0.113618225,0.12207374,0.14092132,0.12047632,0.11447486,0.10810978
749,0.11581752,0.13072152,0.10093177,0.12356899,0.11505977,0.10788501,0.11745098,0.1149856,0.11458904,0.1275971
750,0.12278506,0.13997678,0.109364256,0.11267714,0.12573582,0.121481,0.13031489,0.10768116,0.11994535,0.1778863
751,0.16848348,0.11895498,0.13733846,0.10962995,0.14165144,0.098002866,0.11327955,0.11380197,0.12307246,0.119472824
752,0.11927065,0.117508754,0.12890786,0.10283236,0.13136709,0.1571368,0.10578611,0.13921736,0.13846606,0.12655813
753,0.13608195,0.11747155,0.12463766,0.119646095,0.119728744,0.15759267,0.121586934,0.13125944,0.109845266,0.11164363
754,0.13966367,0.12435657,0.12587105,0.14320137,0.12790272,0.13409087,0.104832605,0.1145147,0.12824161,0.10880144
755,0.13973436,0.12184237,0.12509759,0.12489576,0.1411944,0.122926146,0.13130362,0.11920372,0.11000614,0.14839323
756,0.13689049,0.13543427,0.11344659,0.11452991,0.14395337,0.1348491,0.12478655,0.10464175,0.121620536,0.10856539
757,0.1101304,0.11602892,0.111251734,0.12748559,0.14537711,0.14355004,0.12110723,0.11425317,0.120479345,0.11523489
758,0.14707097,0.112490945,0.17051561,0.11345193,0.17700908,0.11946513,0.13447046,0.110779695,0.12009594,0.1474293
759,0.1214478,0.14365949,0.14294237,0.112794556,0.1376839,0.1252921,0.14527667,0.1156601,0.11417702,0.12236233
760,0.11667515,0.14449134,0.2371328,0.13421367,0.114621714,0.15686603,0.11669768,0.11221227,0.13363342,0.10605337
761,0.13035454,0.14166617,0.11208859,0.1371103,0.12954831,0.10823469,0.12695897,0.13017859,0.11534296,0.13943452
762,0.13440304,0.14824939,0.13086092,0.1162233,0.13457203,0.14496487,0.13136995,0.110684335,0.15635742,0.13811773
763,0.13733721,0.13721487,0.1352314,0.14368202,0.13322826,0.12146631,0.11913717,0.13164136,0.1727321,0.13213758
764,0.12971193,0.13159545,0.12559226,0.13359639,0.13505918,0.109574735,0.15051721,0.12304804,0.10088871,0.13443391
765,0.11601712,0.1606749,0.1320953,0.17712368,0.11790289,0.114086665,0.12291642,0.14434662,0.23064557,0.1344326
766,0.119482934,0.1185847,0.13236038,0.11775479,0.124950156,0.16699824,0.21322657,0.22812182,0.124870166,0.21361059
767,0.49447113,0.4944963,0.49420503,0.4945072,0.49450916,0.49451602,0.4945212,0.4942872,0.49451238,0.49433196
